frame,id,x1,y1,x2,y2
0,-1,356,195,374,216
0,-1,545,182,574,204
0,-1,573,177,600,199
0,-1,600,177,614,192
0,-1,621,179,636,193
0,0,776,167,1241,374
0,1,716,179,856,270
0,2,687,178,758,236
0,3,386,192,463,244
0,4,496,189,527,212
0,5,637,179,665,202
0,6,508,187,536,208
1,-1,518,182,556,206
1,-1,342,196,368,219
1,-1,545,182,574,204
1,-1,573,177,600,199
1,-1,600,177,614,192
1,-1,621,179,636,193
1,0,798,170,1241,374
1,1,725,180,883,281
1,2,692,178,768,240
1,3,373,194,456,250
1,4,493,189,525,213
1,5,637,180,666,204
1,6,505,190,535,211
2,-1,545,182,574,204
2,-1,573,177,600,199
2,-1,600,177,614,192
2,-1,621,179,636,193
2,-1,668,169,714,186
2,0,827,170,1241,374
2,1,735,178,917,291
2,2,697,177,780,244
2,3,360,192,448,250
2,4,490,188,523,213
2,5,638,179,668,203
2,6,503,188,533,209
3,-1,545,182,574,204
3,-1,573,177,600,199
3,-1,600,177,614,192
3,-1,621,179,636,193
3,-1,668,169,714,186
3,-1,779,164,808,184
3,0,868,169,1241,374
3,1,747,175,960,304
3,2,704,177,793,248
3,3,345,192,440,254
3,4,487,186,521,212
3,5,639,177,670,201
3,6,501,185,532,207
4,-1,512,179,546,201
4,-1,545,182,574,204
4,-1,573,177,600,199
4,-1,600,177,614,192
4,-1,621,179,636,193
4,-1,668,169,714,186
4,-1,779,162,811,183
4,0,929,167,1241,374
4,1,762,175,1018,325
4,2,711,176,809,253
4,3,328,191,431,257
4,4,483,185,518,211
4,5,639,175,671,200
4,6,498,184,530,206
5,-1,621,173,641,190
5,-1,668,169,714,186
5,-1,779,162,811,183
5,-1,579,175,621,194
5,-1,527,175,577,202
5,0,1046,171,1241,374
5,1,780,176,1097,355
5,2,719,175,828,260
5,3,308,191,421,262
5,4,480,185,516,211
5,5,640,173,673,199
5,6,496,183,529,206
6,-1,621,173,641,190
6,-1,668,169,714,186
6,-1,780,153,817,186
6,-1,579,175,621,194
6,-1,527,175,577,202
6,1,802,179,1215,374
6,2,727,175,850,268
6,3,287,192,410,268
6,4,476,185,514,213
6,5,641,173,675,200
6,6,493,184,527,207
7,-1,621,173,641,190
7,-1,668,169,714,186
7,-1,788,159,819,184
7,-1,579,175,621,194
7,-1,527,175,577,202
7,1,830,182,1241,374
7,2,736,176,877,279
7,3,263,193,398,275
7,4,472,186,511,215
7,5,642,174,677,201
7,6,490,185,525,209
7,95,250,194,310,221
7,97,296,195,348,221
8,-1,621,173,641,190
8,-1,668,169,714,186
8,-1,796,158,828,181
8,-1,590,176,634,197
8,-1,527,175,577,202
8,-1,574,174,592,193
8,-1,725,162,747,179
8,1,870,183,1241,374
8,2,746,176,911,293
8,3,235,195,385,285
8,4,468,187,508,216
8,5,643,174,679,203
8,6,487,186,523,211
8,95,241,195,303,222
8,97,288,195,342,223
9,-1,505,178,543,206
9,-1,621,173,641,190
9,-1,668,169,714,186
9,-1,796,158,828,181
9,-1,590,176,634,197
9,-1,527,175,577,202
9,-1,574,174,592,193
9,-1,728,163,750,177
9,1,927,186,1241,374
9,2,761,177,956,311
9,3,201,197,370,294
9,4,464,187,506,218
9,5,644,176,681,205
9,6,483,186,521,212
9,94,195,200,255,226
9,95,231,196,295,224
9,97,279,196,336,224
10,-1,621,173,641,190
10,-1,668,169,714,186
10,-1,796,158,828,181
10,-1,590,176,634,197
10,-1,527,175,577,202
10,-1,574,174,592,193
10,-1,728,163,750,177
10,1,1019,192,1241,374
10,2,780,178,1016,335
10,3,161,199,352,308
10,4,459,187,503,219
10,5,645,175,683,204
10,6,480,186,518,213
10,94,183,200,246,226
10,95,220,196,288,225
10,97,270,196,329,225
11,-1,621,173,641,190
11,-1,683,167,724,186
11,-1,808,159,838,189
11,-1,597,179,643,199
11,-1,517,178,573,205
11,-1,574,174,592,193
11,-1,726,159,754,181
11,1,1179,208,1241,374
11,2,800,180,1097,368
11,3,112,200,331,320
11,4,454,188,500,220
11,5,646,175,686,206
11,6,476,186,516,213
11,93,126,201,199,230
11,94,171,199,237,227
11,95,209,196,279,226
11,97,260,196,321,226
12,-1,621,173,641,190
12,-1,683,167,724,186
12,-1,808,159,838,189
12,-1,597,179,643,199
12,-1,517,178,573,205
12,-1,574,174,592,193
12,-1,726,159,754,181
12,2,827,181,1217,374
12,3,50,201,307,337
12,4,449,188,497,222
12,5,647,175,688,207
12,6,472,187,513,214
12,93,112,203,188,232
12,94,159,201,228,229
12,95,198,196,271,227
12,97,250,197,314,228
13,-1,621,173,641,190
13,-1,683,167,724,186
13,-1,808,159,838,189
13,-1,607,179,655,199
13,-1,517,178,573,205
13,-1,574,174,592,193
13,-1,726,159,754,181
13,-1,1005,137,1038,173
13,-1,597,174,613,189
13,2,862,183,1241,374
13,3,0,204,277,362
13,4,443,188,493,224
13,5,648,176,691,209
13,6,467,187,511,215
13,93,97,204,177,234
13,94,146,202,218,231
13,95,186,198,262,230
13,97,239,197,306,229
14,-1,621,173,641,190
14,-1,683,167,724,186
14,-1,815,161,847,183
14,-1,607,179,655,199
14,-1,517,178,573,205
14,-1,574,174,592,193
14,-1,726,159,754,181
14,-1,597,174,613,189
14,-1,1013,119,1078,180
14,2,912,185,1241,374
14,3,0,208,241,374
14,4,437,188,489,225
14,5,649,175,693,209
14,6,463,187,508,217
14,7,492,179,528,209
14,93,82,203,165,234
14,94,133,202,208,232
14,95,173,198,253,230
14,97,228,198,298,230
15,-1,618,179,668,198
15,-1,683,167,724,186
15,-1,815,161,847,183
15,-1,517,178,573,205
15,-1,574,174,592,193
15,-1,726,159,754,181
15,-1,1068,117,1132,188
15,-1,598,172,614,187
15,2,987,189,1241,374
15,3,0,214,197,374
15,4,430,188,485,226
15,5,650,174,695,209
15,6,458,186,505,216
15,7,489,179,526,209
15,93,66,204,153,236
15,94,118,202,197,233
15,95,159,198,243,231
15,97,216,198,289,232
16,-1,621,173,641,190
16,-1,683,167,724,186
16,-1,819,156,857,185
16,-1,627,179,668,197
16,-1,517,178,573,205
16,-1,574,174,592,193
16,-1,730,157,780,181
16,-1,597,174,613,189
16,-1,1101,121,1198,182
16,-1,986,121,1059,185
16,3,0,217,145,374
16,4,424,188,481,228
16,5,651,174,698,210
16,6,453,186,502,218
16,7,486,179,524,210
16,93,49,205,141,238
16,94,103,202,185,234
16,95,145,198,232,232
16,97,203,199,280,234
17,-1,621,173,641,190
17,-1,683,167,724,186
17,-1,824,158,862,181
17,-1,517,178,573,205
17,-1,574,174,592,193
17,-1,730,157,780,181
17,-1,597,174,613,189
17,-1,1146,129,1242,170
17,-1,998,130,1097,180
17,-1,1,206,111,375
17,-1,633,174,670,195
17,3,0,227,76,374
17,4,417,189,477,230
17,5,653,174,702,211
17,6,448,187,499,220
17,7,483,178,522,210
17,93,32,206,128,240
17,94,87,204,173,238
17,95,129,200,221,236
17,97,189,199,270,235
18,-1,621,173,641,190
18,-1,683,167,724,186
18,-1,827,157,870,184
18,-1,517,178,573,205
18,-1,574,174,592,193
18,-1,730,157,780,181
18,-1,597,174,613,189
18,-1,1206,122,1242,169
18,-1,636,178,672,196
18,4,409,189,473,232
18,5,654,173,705,212
18,6,443,187,496,222
18,7,479,180,520,213
18,92,1010,131,1106,176
18,93,12,208,113,243
18,94,70,206,160,241
18,95,113,200,210,238
19,-1,621,173,641,190
19,-1,683,167,724,186
19,-1,827,157,870,184
19,-1,517,178,573,205
19,-1,574,174,592,193
19,-1,730,157,780,181
19,-1,597,174,613,189
19,-1,1100,116,1201,178
19,4,399,192,467,237
19,5,656,175,709,216
19,6,437,190,493,225
19,7,475,182,518,216
19,9,494,183,529,210
19,92,1021,132,1120,178
19,93,0,210,98,247
19,94,51,208,147,245
19,95,96,203,198,242
20,-1,621,173,641,190
20,-1,845,162,884,183
20,-1,517,178,573,205
20,-1,574,174,592,193
20,-1,730,157,780,181
20,-1,597,174,613,189
20,-1,1111,116,1236,179
20,-1,677,166,719,184
20,4,389,194,460,242
20,5,658,177,714,219
20,6,431,192,489,229
20,7,472,183,516,218
20,9,490,183,527,210
20,92,1032,132,1135,180
20,93,0,210,83,249
20,94,32,211,133,248
20,95,78,206,185,247
21,-1,621,173,641,190
21,-1,845,162,884,183
21,-1,517,178,573,205
21,-1,574,174,592,193
21,-1,730,157,780,181
21,-1,597,174,613,189
21,-1,1111,116,1236,179
21,-1,677,166,719,184
21,4,378,194,454,245
21,5,660,176,718,220
21,6,424,191,485,230
21,7,468,182,513,218
21,9,486,183,524,211
21,92,1043,132,1151,180
21,93,0,211,66,249
21,94,10,209,117,248
21,95,58,205,171,247
22,-1,621,173,641,190
22,-1,861,158,891,185
22,-1,517,178,573,205
22,-1,566,177,592,193
22,-1,733,151,824,181
22,-1,597,174,613,189
22,-1,1139,113,1242,178
22,4,367,194,448,247
22,5,662,175,723,220
22,6,416,191,481,231
22,7,464,181,511,218
22,9,484,181,522,210
22,92,1056,131,1168,181
22,94,0,208,101,248
22,95,36,203,157,247
23,-1,621,173,641,190
23,-1,534,173,570,200
23,-1,566,176,592,195
23,-1,733,151,824,181
23,-1,597,174,613,189
23,-1,1139,113,1242,178
23,-1,873,159,897,184
23,4,354,194,440,250
23,5,664,175,729,223
23,6,409,190,476,232
23,7,459,180,508,218
23,9,481,180,521,210
23,92,1069,130,1187,182
23,94,0,207,85,249
23,95,14,203,142,249
24,-1,615,172,649,193
24,-1,517,178,573,205
24,-1,561,178,593,196
24,-1,733,151,824,181
24,-1,597,174,613,189
24,-1,1167,118,1242,180
24,4,339,194,432,253
24,5,666,174,734,224
24,6,400,190,471,234
24,7,454,179,505,218
24,9,477,181,518,211
24,92,1083,129,1207,183
24,94,0,206,67,247
24,95,0,203,125,250
25,-1,615,172,649,193
25,-1,517,178,573,205
25,-1,561,177,594,194
25,-1,733,151,824,181
25,-1,597,174,613,189
25,-1,718,169,764,191
25,4,323,194,423,256
25,5,669,175,741,227
25,6,390,191,466,237
25,7,449,180,502,221
25,9,473,182,516,213
25,92,1098,128,1228,184
25,95,0,203,108,252
26,-1,615,172,649,193
26,-1,517,178,573,205
26,-1,563,180,592,196
26,-1,733,151,824,181
26,-1,597,174,613,189
26,-1,737,169,778,190
26,4,305,194,414,261
26,5,672,176,749,232
26,6,380,192,460,240
26,7,444,181,500,223
26,9,470,183,514,215
26,92,1114,128,1241,186
26,95,0,203,89,252
27,-1,615,172,649,193
27,-1,517,178,573,205
27,-1,560,180,593,198
27,-1,733,151,824,181
27,-1,597,174,613,189
27,-1,757,168,793,188
27,-1,59,197,118,244
27,4,284,194,404,265
27,5,676,178,757,237
27,6,369,194,455,245
27,7,439,181,496,226
27,9,467,183,512,216
27,92,1131,128,1241,188
27,95,0,203,68,251
28,-1,615,172,649,193
28,-1,512,178,591,206
28,-1,750,154,819,189
28,-1,597,174,613,189
28,-1,663,165,725,186
28,-1,1,189,108,249
28,4,261,195,392,271
28,5,679,177,766,239
28,6,358,193,449,246
28,7,433,180,493,226
28,9,463,182,510,216
28,92,1150,129,1241,190
29,-1,615,172,649,193
29,-1,515,174,588,205
29,-1,750,154,819,189
29,-1,597,174,613,189
29,-1,663,165,725,186
29,-1,1,193,92,248
29,4,234,195,379,278
29,5,683,176,776,242
29,6,346,192,443,248
29,7,427,179,490,227
29,9,459,181,508,216
29,92,1170,131,1241,192
30,-1,510,177,594,207
30,-1,761,158,874,191
30,-1,597,174,613,189
30,-1,663,165,725,186
30,-1,1,197,67,259
30,4,202,195,364,285
30,5,687,174,788,245
30,6,332,190,436,250
30,7,420,178,487,227
30,9,455,181,505,217
30,11,634,175,654,192
30,92,1191,133,1241,194
31,-1,510,177,594,207
31,-1,761,158,874,191
31,-1,597,174,613,189
31,-1,663,165,725,186
31,-1,1,197,67,259
31,-1,1213,127,1242,203
31,-1,616,174,635,190
31,4,164,198,347,297
31,5,693,175,802,251
31,6,314,192,428,256
31,7,412,178,482,230
31,9,450,181,503,219
31,11,636,176,656,193
32,-1,510,177,594,207
32,-1,816,155,920,199
32,-1,597,174,613,189
32,-1,665,167,752,191
32,-1,616,174,635,190
32,4,118,200,327,310
32,5,699,174,820,257
32,6,295,192,418,260
32,7,404,178,478,232
32,9,445,182,500,221
32,11,637,176,657,194
33,-1,484,180,533,216
33,-1,510,177,594,207
33,-1,808,151,942,201
33,-1,597,174,613,189
33,-1,673,163,753,196
33,-1,616,174,635,190
33,4,60,202,304,326
33,5,706,174,840,264
33,6,272,193,408,266
33,7,395,179,473,235
33,9,439,182,497,223
33,11,637,175,659,194
34,-1,510,177,594,207
34,-1,828,155,965,203
34,-1,597,174,613,189
34,-1,673,163,753,196
34,-1,616,174,635,190
34,-1,774,147,837,184
34,4,0,204,276,347
34,5,715,174,864,273
34,6,246,194,396,274
34,7,385,179,468,238
34,9,434,182,494,225
34,10,480,183,521,210
34,11,638,175,660,194
34,13,694,169,758,189
35,-1,518,179,551,206
35,-1,828,155,965,203
35,-1,597,174,613,189
35,-1,672,161,731,196
35,-1,616,174,635,190
35,-1,768,156,832,181
35,4,0,207,242,373
35,5,724,176,894,286
35,6,215,198,382,285
35,7,373,179,462,241
35,8,552,179,581,199
35,9,425,181,489,225
35,10,476,182,518,210
35,11,639,175,662,194
35,13,695,169,761,190
36,-1,518,179,551,206
36,-1,886,148,1032,202
36,-1,597,174,613,189
36,-1,672,161,731,196
36,-1,616,174,635,190
36,-1,768,156,832,181
36,4,0,210,198,374
36,5,734,174,928,297
36,6,173,197,364,293
36,7,359,179,454,245
36,8,549,178,579,199
36,9,417,180,484,225
36,10,472,182,515,211
36,11,639,175,662,194
36,13,697,169,764,190
37,-1,512,177,544,205
37,-1,886,148,1032,202
37,-1,597,174,613,189
37,-1,672,163,715,191
37,-1,616,174,635,190
37,-1,768,156,832,181
37,4,0,215,142,374
37,5,745,173,972,314
37,6,122,198,343,305
37,7,342,179,445,249
37,8,546,177,577,199
37,9,407,178,478,225
37,10,467,182,513,211
37,11,638,173,661,193
37,13,696,167,765,189
38,-1,511,175,539,205
38,-1,934,155,1090,208
38,-1,597,174,613,189
38,-1,672,163,715,191
38,-1,616,174,635,190
38,-1,775,153,881,182
38,-1,1,194,71,375
38,4,0,221,69,374
38,5,758,175,1031,339
38,6,59,200,318,320
38,7,323,179,435,253
38,8,542,178,575,200
38,9,396,178,471,228
38,10,461,182,508,212
38,11,637,173,661,193
38,13,696,167,767,189
39,-1,507,177,536,208
39,-1,934,155,1090,208
39,-1,597,174,613,189
39,-1,672,163,715,191
39,-1,616,174,635,190
39,-1,770,151,851,182
39,5,775,173,1112,370
39,6,0,203,288,343
39,7,301,179,425,258
39,8,537,178,572,202
39,9,384,179,464,231
39,10,455,182,504,214
39,11,636,174,660,194
39,13,697,168,768,190
39,89,850,153,920,179
40,-1,507,177,536,208
40,-1,966,154,1149,207
40,-1,585,170,611,190
40,-1,672,163,715,191
40,-1,616,174,635,190
40,-1,770,151,851,182
40,5,796,177,1233,374
40,6,0,209,252,374
40,7,277,179,412,264
40,8,532,179,568,204
40,9,371,180,457,235
40,10,448,183,499,215
40,11,635,174,659,195
40,13,697,167,770,190
40,89,853,152,925,179
41,-1,498,174,529,206
41,-1,1013,153,1202,211
41,-1,585,170,611,190
41,-1,672,163,715,191
41,-1,770,151,851,182
41,-1,611,172,626,187
41,5,822,178,1241,374
41,6,0,214,212,374
41,7,247,177,399,270
41,8,527,179,565,205
41,9,356,180,448,238
41,10,441,183,494,217
41,11,634,174,658,196
41,13,697,167,772,190
41,89,856,152,929,179
42,-1,498,174,529,206
42,-1,1021,155,1242,220
42,-1,585,170,611,190
42,-1,672,163,715,191
42,-1,770,151,851,182
42,-1,611,172,626,187
42,5,858,180,1241,374
42,6,0,220,161,374
42,7,213,178,383,279
42,8,521,179,562,206
42,9,339,180,438,242
42,10,433,184,488,219
42,11,633,173,658,195
42,13,697,166,775,190
42,89,859,151,933,178
43,-1,488,174,515,207
43,-1,1021,155,1242,220
43,-1,585,170,611,190
43,-1,672,163,715,191
43,-1,770,151,851,182
43,-1,611,172,626,187
43,-1,1,199,94,375
43,5,910,180,1241,374
43,6,0,226,94,374
43,7,171,178,365,289
43,8,515,179,558,207
43,9,320,181,428,246
43,10,424,184,482,221
43,11,632,174,657,196
43,13,698,166,777,190
43,89,862,150,938,178
44,-1,479,176,519,211
44,-1,1021,155,1242,220
44,-1,585,170,611,190
44,-1,672,163,715,191
44,-1,770,151,851,182
44,-1,611,172,626,187
44,5,992,182,1241,374
44,7,120,180,345,305
44,8,509,179,555,209
44,9,298,181,417,251
44,10,415,185,476,223
44,11,631,175,657,198
44,13,698,167,779,192
44,89,865,150,943,179
45,-1,479,176,519,211
45,-1,1021,155,1242,220
45,-1,583,172,600,188
45,-1,770,151,851,182
45,-1,611,172,626,187
45,-1,555,176,574,193
45,-1,661,159,694,193
45,5,1140,192,1241,374
45,7,57,183,320,324
45,8,503,180,551,211
45,9,274,181,404,257
45,10,405,186,469,225
45,11,630,174,657,198
45,13,700,166,783,192
45,14,697,160,769,191
45,89,869,150,949,179
46,-1,474,183,507,209
46,-1,1068,155,1242,203
46,-1,583,172,600,188
46,-1,788,151,875,183
46,-1,611,172,626,187
46,-1,555,176,574,193
46,-1,656,164,694,192
46,7,0,185,293,346
46,8,497,180,549,213
46,9,247,183,391,265
46,10,395,185,463,227
46,11,629,174,657,198
46,13,702,165,787,192
46,14,698,159,772,191
46,89,873,149,955,179
47,-1,469,180,502,215
47,-1,1068,155,1242,203
47,-1,583,172,600,188
47,-1,788,151,875,183
47,-1,611,172,626,187
47,-1,555,176,574,193
47,-1,657,162,700,190
47,7,0,184,261,370
47,8,490,181,545,216
47,9,215,184,375,274
47,10,384,186,456,230
47,11,629,173,657,198
47,13,703,164,791,192
47,14,699,159,775,191
47,89,878,147,962,178
48,-1,466,183,498,214
48,-1,1133,148,1242,217
48,-1,583,172,600,188
48,-1,788,151,875,183
48,-1,611,172,626,187
48,-1,539,176,568,203
48,-1,657,162,700,190
48,7,0,189,222,374
48,8,483,182,541,219
48,9,179,188,359,287
48,10,372,187,449,233
48,11,629,174,657,200
48,13,705,165,796,193
48,14,700,158,778,191
48,89,883,146,969,178
49,-1,460,183,491,217
49,-1,1122,145,1242,210
49,-1,583,172,600,188
49,-1,788,151,875,183
49,-1,605,176,627,192
49,-1,531,179,566,215
49,-1,657,162,700,190
49,7,0,193,173,374
49,8,474,185,537,225
49,9,134,193,339,303
49,10,359,192,441,241
49,11,629,178,658,203
49,13,708,167,801,196
49,14,702,162,783,196
49,89,889,148,978,180
50,-1,1148,161,1242,209
50,-1,579,173,600,191
50,-1,788,151,875,183
50,-1,603,176,630,197
50,-1,532,178,567,219
50,-1,657,162,700,190
50,7,0,199,110,374
50,8,464,189,532,232
50,9,80,198,317,322
50,10,344,194,433,247
50,11,629,180,659,207
50,13,710,170,807,200
50,14,705,163,788,198
50,89,896,150,987,183
51,-1,1148,161,1242,209
51,-1,579,173,600,191
51,-1,788,151,875,183
51,-1,605,176,628,197
51,-1,657,162,700,190
51,-1,522,178,560,216
51,8,455,187,528,233
51,9,15,195,292,334
51,10,329,193,424,248
51,11,629,179,660,206
51,13,712,168,812,199
51,14,708,162,794,198
51,89,903,148,996,182
52,-1,579,173,600,191
52,-1,808,149,928,183
52,-1,603,175,629,194
52,-1,530,175,563,216
52,-1,657,162,700,190
52,-1,1209,160,1242,215
52,8,444,184,523,232
52,9,0,192,263,348
52,10,312,192,415,251
52,11,629,177,661,205
52,13,715,166,818,198
52,14,710,159,799,197
52,89,910,147,1006,182
53,-1,603,172,633,194
53,-1,820,153,930,185
53,-1,576,175,596,190
53,-1,657,162,700,190
53,-1,510,173,556,220
53,8,432,186,518,239
53,9,0,196,227,374
53,10,292,191,404,254
53,11,629,177,663,206
53,13,719,166,826,199
53,14,714,158,806,197
53,89,917,146,1016,182
54,-1,579,173,600,191
54,-1,842,151,934,181
54,-1,601,174,632,193
54,-1,664,163,734,198
54,-1,510,173,556,220
54,8,417,187,512,245
54,9,0,201,183,374
54,10,270,193,392,260
54,11,630,177,664,207
54,13,723,166,834,200
54,14,717,158,812,198
54,89,925,145,1027,181
55,-1,579,173,600,191
55,-1,842,151,934,181
55,-1,602,174,635,195
55,-1,664,163,734,198
55,-1,510,173,556,220
55,8,400,188,505,252
55,9,0,206,127,374
55,10,245,195,379,267
55,11,630,177,666,208
55,12,472,185,527,225
55,13,727,165,842,201
55,14,721,157,820,199
55,89,933,143,1038,181
56,-1,579,173,600,191
56,-1,842,151,934,181
56,-1,605,175,635,195
56,-1,664,163,734,198
56,-1,510,173,556,220
56,8,383,189,499,258
56,10,218,194,366,272
56,11,632,177,669,208
56,12,464,186,523,228
56,13,731,164,851,201
56,14,725,157,827,200
56,89,944,142,1053,181
57,-1,579,173,600,191
57,-1,855,150,957,186
57,-1,605,173,635,196
57,-1,664,163,734,198
57,-1,510,173,556,220
57,8,363,189,491,266
57,10,186,196,351,280
57,11,634,176,672,209
57,12,454,186,519,232
57,13,736,164,861,202
57,14,730,156,836,200
57,89,955,141,1068,181
58,-1,579,173,600,191
58,-1,875,152,979,182
58,-1,603,170,637,192
58,-1,664,163,734,198
58,-1,510,173,556,220
58,8,338,190,483,275
58,10,148,197,334,289
58,11,635,177,675,211
58,12,443,187,514,236
58,13,742,164,873,204
58,14,734,155,845,201
58,89,967,139,1084,180
59,-1,579,173,600,191
59,-1,875,152,979,182
59,-1,607,174,643,196
59,-1,664,163,734,198
59,-1,510,173,556,220
59,8,307,191,473,287
59,10,102,199,314,302
59,11,637,178,679,213
59,12,430,188,508,241
59,13,749,163,886,205
59,14,739,154,854,202
59,89,979,137,1101,180
60,-1,579,173,600,191
60,-1,875,152,979,182
60,-1,607,174,643,196
60,-1,674,160,760,203
60,-1,493,176,562,211
60,8,268,192,461,302
60,10,45,205,291,323
60,11,640,176,683,212
60,12,415,189,501,247
60,13,757,163,900,206
60,14,745,153,865,203
60,89,992,136,1119,180
61,-1,579,173,600,191
61,-1,893,148,1028,184
61,-1,607,174,643,196
61,-1,674,160,760,203
61,-1,493,174,564,210
61,8,213,194,445,324
61,10,0,203,263,334
61,11,641,176,687,214
61,12,399,186,494,249
61,13,765,163,915,209
61,14,752,153,877,205
61,89,1007,135,1139,181
62,-1,586,170,607,190
62,-1,893,148,1028,184
62,-1,607,174,643,196
62,-1,674,160,760,203
62,-1,493,174,564,210
62,8,147,197,428,352
62,10,0,202,230,352
62,11,644,176,692,215
62,12,380,185,486,254
62,13,773,164,932,212
62,14,759,153,891,207
62,89,1022,135,1160,183
63,-1,587,168,609,191
63,-1,924,144,1045,190
63,-1,607,174,643,196
63,-1,674,160,760,203
63,-1,493,174,564,210
63,8,41,201,406,374
63,10,0,208,189,371
63,11,647,177,697,218
63,12,357,189,477,266
63,13,783,164,951,215
63,14,767,153,906,210
63,89,1038,135,1182,185
64,-1,590,171,611,195
64,-1,924,144,1045,190
64,-1,613,174,647,199
64,-1,674,160,760,203
64,-1,508,172,561,204
64,8,0,206,378,374
64,10,0,208,137,368
64,11,650,178,703,220
64,12,329,188,467,276
64,13,793,165,972,218
64,14,776,153,922,213
64,19,480,183,517,210
64,89,1056,135,1207,186
65,-1,590,171,611,195
65,-1,940,148,1051,186
65,-1,613,174,647,199
65,-1,689,165,747,195
65,-1,508,172,561,204
65,8,0,212,339,374
65,10,0,220,70,374
65,11,654,179,709,223
65,12,292,194,454,295
65,13,805,165,996,222
65,14,786,153,940,216
65,15,412,199,462,226
65,16,431,183,486,224
65,17,336,192,431,249
65,18,745,164,862,206
65,19,478,184,516,212
65,89,1075,135,1233,188
66,-1,590,171,611,195
66,-1,982,139,1112,194
66,-1,613,174,647,199
66,-1,689,165,747,195
66,-1,508,172,561,204
66,8,0,221,284,374
66,11,656,179,715,226
66,12,246,197,437,315
66,13,820,166,1023,226
66,14,795,152,959,218
66,15,404,200,457,229
66,16,426,183,484,225
66,17,317,192,420,254
66,18,751,166,874,210
66,19,475,185,515,213
66,89,1095,135,1241,191
67,-1,590,171,611,195
67,-1,982,139,1112,194
67,-1,613,174,647,199
67,-1,694,164,761,198
67,-1,506,177,569,210
67,8,0,235,200,374
67,11,658,180,721,229
67,12,183,199,417,338
67,13,833,167,1053,231
67,14,806,150,980,220
67,15,395,205,451,235
67,16,420,183,481,227
67,17,299,193,411,259
67,18,758,165,886,211
67,19,473,184,513,214
67,89,1117,136,1241,193
68,-1,597,176,616,192
68,-1,613,174,647,199
68,-1,694,164,761,198
68,-1,506,177,569,210
68,11,661,180,728,232
68,12,94,203,391,373
68,13,849,166,1086,235
68,14,818,148,1004,223
68,15,386,205,445,237
68,16,414,183,478,229
68,17,279,194,400,265
68,18,766,164,900,212
68,19,470,184,512,214
68,26,1049,152,1174,193
68,27,1006,157,1124,190
68,89,1140,134,1241,194
69,-1,599,173,621,193
69,-1,619,174,656,199
69,-1,694,164,761,198
69,-1,506,177,569,210
69,11,665,180,736,234
69,12,0,207,356,374
69,13,867,165,1125,239
69,14,832,146,1031,225
69,15,376,206,439,239
69,16,407,184,474,232
69,17,255,195,388,271
69,18,774,163,916,213
69,19,467,183,511,214
69,26,1066,150,1197,193
69,27,1021,153,1144,188
69,89,1166,131,1241,194
70,-1,599,173,621,193
70,-1,623,177,658,197
70,-1,701,165,773,194
70,-1,506,177,569,210
70,11,669,179,745,237
70,12,0,217,308,374
70,13,888,162,1171,243
70,14,847,144,1061,228
70,15,364,206,432,241
70,16,400,184,471,234
70,17,227,196,375,280
70,18,783,162,933,215
70,19,464,182,509,214
70,26,1085,148,1222,192
70,27,1037,150,1167,186
70,89,1193,129,1241,194
71,-1,599,173,621,193
71,-1,624,174,668,198
71,-1,701,165,773,194
71,-1,506,177,569,210
71,11,673,178,754,240
71,12,0,229,243,374
71,13,912,162,1225,250
71,14,864,141,1096,231
71,15,352,207,424,245
71,16,390,183,466,236
71,17,192,197,359,289
71,18,793,161,952,216
71,19,461,183,508,216
71,26,1105,146,1241,192
71,27,1054,146,1191,184
71,89,1224,129,1241,194
72,-1,599,173,621,193
72,-1,624,174,668,198
72,-1,701,165,773,194
72,-1,506,177,569,210
72,-1,1,204,108,375
72,11,677,178,765,243
72,12,0,242,143,374
72,13,940,160,1241,258
72,14,883,137,1137,235
72,15,338,209,416,249
72,16,379,183,460,238
72,17,150,199,341,302
72,18,804,159,973,218
72,19,458,183,507,217
72,26,1127,144,1241,192
73,-1,599,173,621,193
73,-1,624,174,668,198
73,-1,701,158,788,191
73,-1,499,172,577,212
73,11,682,177,778,248
73,13,974,159,1241,268
73,14,905,132,1185,239
73,15,322,211,406,254
73,16,368,183,454,241
73,17,98,201,319,316
73,18,817,158,997,220
73,19,454,182,505,217
73,26,1151,142,1241,192
74,-1,605,168,625,187
74,-1,624,174,668,198
74,-1,701,158,788,191
74,-1,499,172,577,212
74,11,688,176,792,252
74,13,1015,157,1241,279
74,14,931,127,1241,245
74,15,304,213,396,259
74,16,354,182,448,244
74,17,33,204,293,335
74,18,831,156,1024,223
74,19,449,181,502,218
75,-1,605,168,625,187
75,-1,624,174,668,198
75,-1,701,158,788,191
75,-1,499,172,577,212
75,11,694,175,809,258
75,13,1067,151,1241,291
75,14,962,121,1241,251
75,15,283,215,384,265
75,16,339,182,441,247
75,17,0,207,262,359
75,18,848,149,1056,220
75,19,444,180,500,218
76,-1,605,168,625,187
76,-1,624,174,668,198
76,-1,707,158,810,189
76,-1,499,172,577,212
76,11,701,175,829,265
76,13,1134,149,1241,305
76,14,1000,116,1241,261
76,15,258,218,370,273
76,16,323,182,433,252
76,17,0,207,223,374
76,18,866,147,1092,223
76,19,439,180,497,220
76,30,928,154,1019,178
77,-1,608,169,628,188
77,-1,632,171,673,197
77,-1,707,158,810,189
77,-1,499,172,577,212
77,11,709,175,853,275
77,13,1224,150,1241,306
77,14,1048,109,1241,274
77,15,227,222,353,283
77,16,304,183,424,258
77,17,0,210,174,374
77,18,887,145,1134,227
77,19,433,181,494,222
77,30,938,153,1031,179
78,-1,608,169,628,188
78,-1,632,171,673,197
78,-1,707,158,810,189
78,-1,499,172,577,212
78,11,718,175,883,286
78,14,1108,100,1241,291
78,15,191,226,333,295
78,16,282,184,414,265
78,17,0,219,110,374
78,18,911,142,1183,232
78,19,427,182,491,225
78,30,948,153,1044,179
79,-1,612,171,637,190
79,-1,632,171,673,197
79,-1,712,160,833,193
79,-1,509,172,581,207
79,11,729,175,921,300
79,14,1187,101,1241,293
79,15,146,232,310,309
79,16,256,185,403,274
79,18,940,138,1241,238
79,19,420,182,488,228
79,20,456,182,507,217
79,30,959,153,1058,180
80,-1,615,170,636,189
80,-1,638,169,682,199
80,-1,712,160,833,193
80,-1,509,172,581,207
80,11,743,175,970,319
80,15,89,238,282,326
80,16,226,186,390,283
80,18,974,135,1241,244
80,19,413,183,485,231
80,20,453,182,506,218
80,21,477,182,518,213
80,30,970,153,1073,181
80,31,955,150,1051,177
81,-1,615,170,636,189
81,-1,638,168,693,200
81,-1,713,152,846,197
81,-1,509,172,581,207
81,11,758,176,1036,346
81,15,16,244,246,347
81,16,187,188,374,295
81,18,1011,132,1241,253
81,19,403,183,479,233
81,20,446,183,502,220
81,21,472,182,516,214
81,28,1028,149,1141,182
81,29,996,148,1102,181
81,30,979,151,1086,180
81,31,965,149,1063,176
82,-1,615,170,636,189
82,-1,641,167,694,201
82,-1,713,152,846,197
82,-1,509,172,581,207
82,11,777,176,1130,374
82,15,0,255,202,374
82,16,140,189,354,309
82,18,1057,128,1241,265
82,19,392,183,473,236
82,20,439,183,498,222
82,21,467,182,513,215
82,28,1042,146,1159,180
82,29,1008,148,1119,182
82,30,989,149,1099,178
82,31,975,147,1077,176
83,-1,615,170,636,189
83,-1,640,170,695,200
83,-1,718,152,862,197
83,-1,509,172,581,207
83,11,801,178,1241,374
83,15,0,264,145,374
83,16,80,191,332,327
83,18,1115,122,1241,279
83,19,379,184,467,240
83,20,431,184,494,225
83,21,462,182,510,216
83,28,1057,143,1179,179
83,29,1021,146,1136,181
83,30,1000,147,1114,177
83,31,985,146,1091,175
84,-1,615,170,636,189
84,-1,641,162,703,204
84,-1,715,146,874,203
84,-1,509,172,581,207
84,11,834,180,1241,374
84,15,0,283,69,374
84,16,3,193,304,350
84,18,1190,123,1241,283
84,19,365,184,460,243
84,20,422,184,489,227
84,21,457,182,506,218
84,28,1072,140,1200,177
84,29,1035,140,1155,177
84,30,1011,145,1129,176
84,31,997,144,1105,174
85,-1,615,170,636,189
85,-1,642,171,673,195
85,-1,726,161,800,199
85,-1,519,172,578,204
85,11,880,181,1241,374
85,16,0,195,271,374
85,19,350,184,452,247
85,20,412,185,484,230
85,21,451,182,502,219
85,22,477,182,522,212
85,23,778,154,880,194
85,25,752,157,829,192
85,28,1089,136,1223,175
85,29,1049,137,1175,176
85,30,1023,142,1146,175
85,31,1009,143,1121,174
85,34,665,172,703,202
86,-1,615,170,636,189
86,-1,642,171,673,195
86,-1,733,165,791,195
86,-1,538,169,580,199
86,11,945,177,1241,374
86,16,0,199,230,374
86,19,330,186,442,254
86,20,400,186,477,233
86,21,443,183,497,222
86,22,471,182,518,214
86,23,782,154,889,195
86,25,756,156,835,191
86,28,1107,133,1241,173
86,29,1065,135,1196,175
86,30,1036,140,1164,173
86,31,1011,141,1128,173
86,33,501,180,540,206
86,34,665,171,705,202
87,-1,615,170,636,189
87,-1,642,171,673,195
87,-1,730,163,796,197
87,-1,538,169,580,199
87,11,1050,172,1241,374
87,16,0,204,178,374
87,19,307,187,430,261
87,20,388,186,470,237
87,21,433,184,491,225
87,22,464,183,513,216
87,23,787,153,899,196
87,25,760,154,842,191
87,28,1124,132,1241,173
87,29,1079,131,1216,173
87,30,1049,137,1181,171
87,31,1022,141,1144,174
87,33,497,180,537,206
87,34,665,170,706,202
88,-1,615,170,636,189
88,-1,642,171,673,195
88,-1,729,160,805,196
88,-1,538,169,580,199
88,-1,1,209,108,375
88,16,0,210,109,374
88,19,281,190,417,270
88,20,374,187,462,241
88,21,423,186,485,229
88,22,457,184,509,218
88,23,793,153,909,197
88,25,764,155,850,194
88,28,1143,130,1241,173
88,29,1095,134,1238,176
88,30,1062,139,1200,175
88,31,1034,140,1160,174
88,33,492,181,534,209
88,34,665,171,708,204
89,-1,615,170,636,189
89,-1,642,171,673,195
89,-1,742,158,808,195
89,-1,538,169,580,199
89,19,250,192,403,280
89,20,356,189,452,247
89,21,412,187,478,232
89,22,449,185,503,220
89,23,798,152,920,199
89,25,769,156,858,195
89,28,1163,129,1241,173
89,29,1112,133,1241,177
89,30,1076,139,1220,176
89,31,1046,139,1177,174
89,33,486,183,530,211
89,34,666,172,710,207
90,-1,610,173,633,192
90,-1,642,171,673,195
90,-1,740,165,816,201
90,-1,525,179,568,206
90,19,213,195,386,292
90,20,335,191,441,253
90,21,400,188,470,236
90,22,440,186,498,223
90,23,805,152,932,200
90,24,802,151,888,197
90,25,774,155,866,196
90,28,1185,127,1241,173
90,29,1129,127,1241,173
90,30,1091,133,1241,172
90,31,1060,138,1196,174
90,33,481,185,526,214
90,34,666,173,712,209
91,-1,604,172,630,194
91,-1,634,176,674,202
91,-1,748,164,816,206
91,-1,528,178,569,207
91,19,172,196,368,305
91,20,315,194,431,261
91,21,388,190,463,241
91,22,431,188,493,227
91,23,812,153,946,204
91,24,808,152,897,200
91,25,778,158,875,201
91,28,1208,127,1241,174
91,29,1149,128,1241,175
91,30,1107,134,1241,174
91,31,1074,138,1215,176
91,33,475,186,522,217
91,34,666,175,714,212
92,-1,604,172,630,194
92,-1,634,176,674,202
92,-1,752,166,806,201
92,-1,525,179,567,203
92,19,120,199,348,321
92,20,293,196,420,269
92,21,375,193,455,247
92,22,422,190,487,231
92,23,820,153,961,206
92,24,814,153,908,202
92,25,783,156,884,200
92,28,1234,127,1241,174
92,29,1170,127,1241,176
92,30,1125,134,1241,175
92,31,1089,138,1236,177
92,33,468,188,517,220
92,34,667,177,717,216
93,-1,604,172,630,194
93,-1,634,176,674,202
93,-1,525,179,567,203
93,-1,757,160,819,204
93,19,54,201,323,341
93,20,265,197,406,275
93,21,359,192,446,249
93,22,412,190,481,233
93,23,829,152,978,208
93,24,822,151,920,203
93,25,789,157,894,203
93,29,1192,125,1241,176
93,30,1144,132,1241,175
93,31,1105,135,1241,175
93,33,462,187,513,220
93,34,667,175,719,216
94,-1,604,172,630,194
94,-1,634,176,674,202
94,-1,510,174,559,204
94,-1,761,163,829,200
94,19,0,204,294,367
94,20,233,198,391,283
94,21,340,191,436,252
94,22,401,190,474,235
94,23,838,149,996,208
94,24,830,149,934,204
94,25,795,152,905,200
94,29,1217,123,1241,175
94,30,1165,129,1241,173
94,31,1123,131,1241,173
94,33,455,186,508,220
94,34,668,174,722,216
95,-1,596,173,623,191
95,-1,634,176,674,202
95,-1,507,175,555,215
95,19,0,208,258,374
95,20,195,198,374,292
95,21,320,194,425,259
95,22,389,189,467,236
95,23,849,147,1016,209
95,24,839,147,949,204
95,25,801,151,917,202
95,30,1188,126,1241,172
95,31,1143,130,1241,173
95,32,763,158,870,201
95,33,448,185,504,220
95,34,669,174,726,218
95,35,659,174,704,212
96,-1,596,173,623,191
96,-1,634,176,674,202
96,-1,506,177,554,209
96,19,0,215,214,374
96,20,151,200,356,305
96,21,300,194,414,265
96,22,378,191,461,241
96,23,863,148,1042,214
96,24,850,145,966,205
96,25,810,153,932,206
96,30,1214,127,1241,174
96,31,1164,128,1241,173
96,32,769,158,882,202
96,33,441,186,500,223
96,34,671,174,732,220
96,35,661,174,708,214
97,-1,596,173,623,191
97,-1,634,176,674,202
97,-1,506,177,554,209
97,19,0,222,157,374
97,20,97,202,334,321
97,21,276,195,403,272
97,22,365,192,455,245
97,23,879,145,1072,215
97,24,863,144,987,208
97,25,820,151,949,207
97,31,1188,126,1241,173
97,32,776,157,894,204
97,33,434,188,496,226
97,34,673,174,739,223
97,35,663,174,712,215
98,-1,596,173,623,191
98,-1,634,176,674,202
98,-1,506,177,554,209
98,-1,653,151,682,191
98,-1,1,212,60,375
98,19,0,229,82,374
98,20,28,205,309,341
98,21,248,197,390,280
98,22,351,194,447,250
98,23,897,143,1106,218
98,24,877,143,1011,210
98,25,831,149,967,208
98,31,1213,125,1241,173
98,32,784,156,908,205
98,33,426,188,493,228
98,34,676,175,747,226
98,35,665,173,717,217
99,-1,591,171,620,194
99,-1,634,176,674,202
99,-1,487,172,554,218
99,-1,656,144,686,188
99,20,0,208,279,367
99,21,216,198,374,289
99,22,336,193,439,254
99,23,917,141,1145,222
99,24,893,141,1037,214
99,25,843,146,988,209
99,32,792,156,924,207
99,33,418,188,489,230
99,34,679,175,756,229
99,35,667,173,722,219
100,-1,591,171,620,194
100,-1,634,176,674,202
100,-1,487,172,554,218
100,-1,656,147,688,193
100,20,0,212,241,374
100,21,177,199,357,300
100,22,315,195,429,260
100,23,941,137,1190,225
100,24,912,140,1067,217
100,25,856,146,1012,212
100,32,801,155,941,209
100,33,409,188,484,232
100,34,682,175,766,233
100,35,669,173,727,221
101,-1,591,171,620,194
101,-1,634,176,674,202
101,-1,487,172,554,218
101,-1,657,145,691,186
101,20,0,218,194,374
101,21,127,202,336,315
101,22,294,195,420,265
101,23,968,136,1241,232
101,24,935,138,1104,221
101,25,871,145,1039,215
101,32,814,154,963,211
101,33,399,188,480,235
101,34,687,175,777,237
101,35,672,173,734,223
102,-1,591,171,620,194
102,-1,634,176,674,202
102,-1,487,172,554,218
102,-1,658,148,696,196
102,-1,134,175,194,228
102,20,0,225,134,374
102,21,63,205,311,335
102,22,271,196,409,271
102,23,1000,135,1241,241
102,24,961,137,1148,227
102,25,889,145,1070,221
102,32,829,154,987,214
102,33,389,188,474,237
102,34,692,175,789,241
102,35,676,173,741,226
103,-1,580,171,616,196
103,-1,639,175,697,215
103,-1,487,172,554,218
103,-1,660,150,699,191
103,-1,113,166,169,229
103,21,0,208,281,360
103,22,243,196,396,278
103,23,1039,133,1241,249
103,24,991,135,1199,233
103,25,909,144,1106,225
103,32,845,154,1015,218
103,33,377,189,469,240
103,34,698,176,804,246
103,35,679,173,748,229
104,-1,580,171,616,196
104,-1,639,175,697,215
104,-1,487,172,554,218
104,-1,660,150,699,191
104,-1,81,170,143,237
104,21,0,213,244,374
104,22,210,196,382,286
104,23,1085,131,1241,261
104,24,1027,132,1241,240
104,25,932,142,1147,230
104,32,864,153,1046,222
104,33,364,189,462,244
104,34,705,176,820,252
104,35,683,173,757,232
105,-1,580,171,616,196
105,-1,640,173,678,205
105,-1,487,172,554,218
105,-1,660,150,699,191
105,-1,51,171,119,237
105,21,0,218,198,374
105,22,171,197,366,295
105,23,1143,128,1241,274
105,24,1069,130,1241,249
105,25,958,141,1196,237
105,32,884,153,1082,226
105,33,350,189,455,247
105,34,713,176,840,260
105,35,687,173,767,236
105,36,419,186,484,231
105,37,666,177,720,215
106,-1,574,174,615,195
106,-1,640,173,678,205
106,-1,487,172,554,218
106,-1,660,150,699,191
106,-1,10,169,85,241
106,-1,196,166,435,207
106,21,0,223,141,374
106,22,122,199,347,310
106,23,1214,129,1241,275
106,24,1114,127,1241,260
106,25,988,140,1241,245
106,32,901,152,1116,232
106,33,334,190,447,252
106,34,721,177,862,269
106,35,692,174,778,240
106,36,410,186,479,234
106,37,668,178,725,217
107,-1,574,174,615,195
107,-1,640,173,678,205
107,-1,487,172,554,218
107,-1,664,138,723,191
107,-1,1,166,43,375
107,-1,161,163,417,217
107,21,0,230,66,374
107,22,61,202,324,328
107,24,1170,128,1241,268
107,25,1022,137,1241,253
107,32,920,152,1156,238
107,33,315,191,439,258
107,34,731,178,890,279
107,35,697,174,790,245
107,36,401,187,473,237
107,37,671,178,730,219
107,39,658,180,707,214
108,-1,122,174,425,219
108,-1,462,173,552,217
108,-1,565,172,609,200
108,-1,640,178,677,204
108,-1,672,139,740,182
108,22,0,205,297,351
108,24,1240,130,1241,179
108,25,1064,135,1241,264
108,32,943,151,1204,246
108,33,294,192,429,264
108,34,742,179,924,293
108,35,702,175,804,251
108,36,390,188,467,240
108,37,674,179,736,221
108,39,660,180,711,215
109,-1,122,174,425,219
109,-1,457,181,514,227
109,-1,670,142,727,184
109,22,0,209,264,374
109,25,1116,137,1241,282
109,32,969,151,1241,255
109,33,269,194,418,272
109,34,755,181,967,310
109,35,709,175,821,258
109,36,379,189,460,244
109,37,677,179,742,224
109,39,662,181,715,217
109,40,505,182,537,208
109,41,648,179,686,208
109,96,566,175,606,191
110,-1,79,169,408,227
110,-1,670,144,741,185
110,22,0,214,224,374
110,25,1180,136,1241,286
110,32,1001,151,1241,266
110,33,239,195,406,281
110,34,771,182,1023,332
110,35,716,176,840,266
110,36,366,190,453,249
110,37,681,180,749,227
110,38,443,186,506,225
110,39,664,181,720,219
110,40,502,182,535,208
110,41,649,179,689,209
110,96,561,175,603,191
111,-1,42,162,388,227
111,-1,678,137,736,183
111,22,0,218,176,374
111,32,1047,151,1241,279
111,33,205,196,392,290
111,34,790,182,1101,361
111,35,724,176,863,276
111,36,350,190,445,253
111,37,684,180,756,229
111,38,436,186,502,227
111,39,665,181,724,221
111,40,499,181,533,208
111,41,650,179,691,209
111,96,556,175,599,191
112,-1,6,161,423,232
112,-1,675,141,739,179
112,22,0,224,114,374
112,32,1104,150,1241,297
112,33,164,198,376,302
112,34,814,183,1214,374
112,35,733,177,891,287
112,36,333,190,435,257
112,37,687,180,764,232
112,38,429,186,498,229
112,39,667,181,728,222
112,40,495,180,531,208
112,41,652,178,694,210
112,96,550,174,595,191
113,-1,1,159,450,247
113,-1,679,141,745,178
113,32,1176,152,1241,304
113,33,113,199,357,316
113,34,845,184,1241,374
113,35,743,177,925,301
113,36,313,191,425,262
113,37,690,180,773,236
113,38,420,186,494,231
113,39,669,181,734,224
113,40,492,180,528,208
113,41,653,177,697,210
113,96,543,175,590,192
114,-1,1,161,422,246
114,-1,677,138,751,184
114,33,50,201,336,333
114,34,887,184,1241,374
114,35,755,178,969,318
114,36,290,191,413,268
114,37,694,181,783,240
114,38,411,186,490,233
114,39,672,181,740,226
114,40,489,179,526,209
114,41,654,175,699,209
114,96,535,175,585,192
115,-1,1,161,422,246
115,-1,676,139,749,184
115,33,0,203,310,357
115,34,947,186,1241,374
115,35,770,178,1027,342
115,36,263,191,400,275
115,37,698,181,794,244
115,38,402,186,485,235
115,39,675,181,746,229
115,40,485,179,524,209
115,41,656,179,704,214
115,96,527,175,579,193
116,-1,1,161,422,246
116,-1,673,139,754,185
116,33,0,207,279,374
116,34,1038,186,1241,374
116,35,788,178,1104,372
116,36,232,192,386,284
116,37,703,181,806,248
116,38,390,185,480,237
116,39,677,181,753,231
116,40,482,179,522,210
116,41,658,178,707,215
116,96,519,175,572,193
117,-1,1,161,422,246
117,-1,674,132,756,181
117,33,0,211,240,374
117,34,1194,199,1241,374
117,35,809,178,1216,374
117,36,195,193,370,294
117,37,709,180,821,252
117,38,377,185,473,240
117,39,680,181,761,234
117,40,478,178,520,211
117,41,659,177,711,215
117,96,511,175,566,193
118,-1,1,161,422,246
118,-1,673,132,763,185
118,33,0,216,192,374
118,35,837,179,1241,374
118,36,150,195,351,307
118,37,716,180,837,257
118,38,363,185,467,243
118,39,684,180,769,236
118,40,474,178,517,211
118,41,661,176,714,215
118,96,503,174,559,193
119,-1,1,161,422,246
119,-1,697,157,715,197
119,-1,676,132,753,181
119,33,0,222,129,374
119,35,874,179,1241,374
119,36,94,196,329,322
119,37,723,179,856,263
119,38,347,184,459,246
119,39,687,179,779,238
119,40,469,178,514,212
119,41,662,175,718,215
119,42,656,176,701,210
119,96,495,173,552,192
120,-1,1,161,422,246
120,-1,695,155,721,202
120,-1,673,136,774,181
120,35,926,180,1241,374
120,36,22,198,302,342
120,37,731,178,879,270
120,38,329,184,451,249
120,39,691,178,789,240
120,40,464,177,511,213
120,41,664,175,722,218
120,42,657,176,704,211
120,43,487,177,523,206
120,96,486,173,544,192
121,-1,1,161,422,246
121,-1,699,159,723,198
121,-1,677,139,795,181
121,35,1003,178,1241,374
121,36,0,202,271,370
121,37,740,178,907,280
121,38,310,185,442,255
121,39,695,178,801,244
121,40,459,177,509,214
121,41,666,176,727,221
121,42,658,175,707,212
121,43,484,178,520,207
122,-1,1,160,474,236
122,-1,704,162,731,202
122,-1,683,130,804,190
122,35,1130,178,1241,374
122,36,0,206,233,374
122,37,751,178,941,292
122,38,289,186,432,261
122,39,700,178,814,249
122,40,453,177,505,215
122,41,668,177,732,223
122,42,660,175,711,213
122,43,480,178,518,208
123,-1,1,162,244,236
123,-1,304,155,458,214
123,-1,707,157,735,198
123,-1,686,132,798,177
123,36,0,212,185,374
123,37,763,179,984,307
123,38,265,188,421,269
123,39,705,178,830,255
123,40,447,177,502,217
123,41,670,176,738,224
123,42,661,174,714,214
123,43,476,178,515,210
124,-1,1,166,223,240
124,-1,707,154,737,199
124,-1,299,157,411,214
124,-1,680,127,792,186
124,36,0,219,124,374
124,37,778,179,1039,326
124,38,236,189,408,278
124,39,712,178,848,261
124,40,440,177,499,218
124,41,672,174,744,225
124,42,663,174,718,215
124,43,471,178,513,210
125,-1,1,164,178,256
125,-1,707,154,737,199
125,-1,685,129,793,175
125,37,795,179,1113,353
125,38,202,191,394,289
125,39,719,178,870,269
125,40,433,177,495,220
125,41,675,172,751,226
125,42,665,173,723,216
125,43,467,177,510,210
126,-1,1,168,198,240
126,-1,712,154,741,199
126,-1,685,125,781,185
126,37,818,177,1215,374
126,38,160,192,378,301
126,39,727,177,895,277
126,40,425,177,491,221
126,41,678,172,758,228
126,42,667,172,728,217
126,43,462,177,507,211
127,-1,1,172,132,247
127,-1,718,152,747,202
127,-1,687,124,771,187
127,37,846,175,1241,374
127,38,110,194,360,316
127,39,736,177,926,288
127,40,417,176,486,223
127,41,681,171,767,231
127,42,669,172,733,218
127,43,457,177,503,213
128,-1,1,181,92,245
128,-1,718,152,747,202
128,-1,680,128,858,184
128,37,884,173,1241,374
128,38,47,196,338,335
128,39,747,176,964,300
128,40,409,176,481,225
128,41,685,171,777,234
128,42,672,171,739,220
128,43,451,177,500,214
129,-1,721,154,759,205
129,-1,177,161,311,218
129,-1,808,151,881,191
129,-1,694,127,862,179
129,37,935,170,1241,374
129,38,0,199,313,359
129,39,760,175,1013,317
129,40,399,176,476,227
129,41,689,170,788,238
129,42,675,170,746,221
129,43,445,176,496,215
130,-1,177,161,311,218
130,-1,808,151,881,191
130,-1,687,122,869,176
130,37,1011,167,1241,374
130,38,0,202,282,374
130,39,775,173,1077,338
130,40,389,175,470,229
130,41,694,170,800,242
130,42,678,169,753,223
130,43,438,176,492,216
130,44,725,153,741,200
130,45,744,154,756,201
131,-1,128,167,285,234
131,-1,808,151,881,191
131,-1,693,124,880,176
131,37,1136,174,1241,374
131,38,0,206,248,374
131,39,793,174,1163,371
131,40,378,178,464,234
131,41,699,171,813,248
131,42,680,169,759,226
131,43,431,177,488,219
131,44,728,154,744,203
131,45,745,155,759,203
132,-1,88,170,268,247
132,-1,808,151,881,191
132,-1,692,127,895,178
132,38,0,210,205,374
132,39,815,176,1241,374
132,40,365,180,457,240
132,41,705,172,828,256
132,42,683,171,767,230
132,43,423,180,483,223
132,44,732,155,746,205
132,45,747,155,761,206
133,-1,58,166,257,249
133,-1,808,151,881,191
133,-1,686,125,870,178
133,38,0,217,151,374
133,39,843,179,1241,374
133,40,351,183,450,246
133,41,711,173,846,264
133,42,687,173,776,236
133,43,415,182,478,228
133,44,735,156,751,208
133,45,751,156,769,208
134,-1,5,168,245,253
134,-1,834,153,916,198
134,-1,1,211,54,375
134,-1,691,124,894,183
134,38,0,223,79,374
134,39,881,182,1241,374
134,40,335,186,442,253
134,41,719,175,867,275
134,42,691,175,786,242
134,43,406,185,473,234
134,44,739,157,756,211
134,45,756,157,776,211
135,-1,5,168,245,253
135,-1,834,153,916,198
135,-1,693,125,915,189
135,39,933,184,1241,374
135,40,317,189,432,261
135,41,727,177,893,287
135,42,695,177,797,249
135,43,396,188,467,240
135,44,747,159,764,214
135,45,760,158,778,214
135,46,687,180,751,228
136,-1,1,181,254,265
136,-1,834,153,916,198
136,-1,694,126,931,182
136,39,1010,186,1241,374
136,40,297,188,423,265
136,41,736,177,923,299
136,42,699,177,810,253
136,43,385,188,460,242
136,44,755,158,770,215
136,45,763,157,779,215
136,46,690,179,758,230
137,-1,1,174,223,294
137,-1,834,153,916,198
137,-1,697,122,956,183
137,39,1136,191,1241,374
137,40,276,188,412,270
137,41,746,177,961,314
137,42,705,176,825,258
137,43,373,187,453,244
137,44,756,157,774,217
137,45,771,156,788,216
137,46,693,178,765,232
138,-1,1,174,223,294
138,-1,857,150,933,206
138,-1,697,121,957,188
138,40,251,188,401,276
138,41,758,177,1009,334
138,42,711,175,842,264
138,43,359,187,446,246
138,44,757,156,777,218
138,45,779,155,796,217
138,46,696,177,774,233
139,-1,1,174,168,260
139,-1,862,153,937,196
139,-1,706,115,958,185
139,40,222,187,387,283
139,41,773,178,1072,359
139,42,716,175,860,272
139,43,343,186,437,249
139,44,761,155,783,219
139,45,783,154,803,219
139,46,699,177,782,237
140,-1,1,174,168,260
140,-1,862,153,937,196
140,-1,706,115,958,185
140,40,183,190,370,295
140,41,791,178,1159,374
140,42,722,176,882,283
140,43,325,188,427,256
140,44,765,153,788,221
140,45,787,153,809,220
140,46,702,178,791,241
140,90,368,175,455,210
141,-1,1,174,168,260
141,-1,862,153,937,196
141,-1,706,115,958,185
141,40,141,188,352,302
141,41,812,180,1241,374
141,42,730,179,908,296
141,43,306,189,417,261
141,44,777,153,799,223
141,45,793,152,818,222
141,46,706,180,801,247
141,90,360,177,450,212
142,-1,1,175,117,250
142,-1,882,163,963,206
142,-1,706,115,958,185
142,40,90,190,332,317
142,41,838,182,1241,374
142,42,739,182,940,313
142,43,285,191,405,268
142,44,789,153,809,226
142,45,799,151,825,224
142,46,710,182,814,254
142,90,352,178,444,214
143,-1,882,163,963,206
143,-1,706,115,958,185
143,-1,977,148,1023,195
143,40,27,194,308,338
143,41,872,185,1241,374
143,42,749,182,980,330
143,43,260,192,393,275
143,44,789,153,813,229
143,45,807,150,834,226
143,46,716,184,828,262
143,90,344,179,439,216
144,-1,882,163,963,206
144,-1,706,115,958,185
144,-1,976,151,1057,202
144,40,0,195,279,359
144,41,920,188,1241,374
144,42,762,183,1032,353
144,43,232,193,379,283
144,44,790,153,816,232
144,45,816,149,842,229
144,46,719,183,844,267
144,90,335,178,433,216
145,-1,912,154,987,199
145,-1,703,119,981,197
145,-1,976,151,1057,202
145,40,0,200,246,374
145,41,988,193,1241,374
145,42,777,183,1101,374
145,43,199,195,363,293
145,44,797,153,825,236
145,45,827,148,853,231
145,46,724,182,862,273
145,90,326,177,427,216
146,-1,912,154,987,199
146,-1,708,121,998,187
146,-1,992,141,1091,202
146,40,0,201,209,374
146,41,1097,203,1241,374
146,42,794,184,1186,374
146,43,162,196,346,302
146,44,806,152,832,239
146,45,837,146,863,234
146,46,731,182,882,282
146,90,317,176,420,216
147,-1,706,117,1006,187
147,-1,968,132,1106,202
147,-1,397,163,459,208
147,40,0,204,164,374
147,42,815,186,1241,374
147,43,119,196,326,313
147,44,813,151,843,241
147,45,845,145,876,237
147,46,739,183,907,291
147,90,307,175,413,216
148,-1,702,111,1000,181
148,-1,988,139,1142,194
148,-1,397,163,459,208
148,-1,1,174,96,375
148,40,0,206,108,374
148,42,842,188,1241,374
148,43,66,197,304,326
148,44,820,149,853,245
148,45,854,143,889,240
148,46,748,183,936,303
148,90,298,174,408,216
149,-1,704,114,1008,178
149,-1,997,136,1175,198
149,-1,397,163,459,208
149,42,878,190,1241,374
149,43,2,198,279,342
149,44,831,147,864,248
149,45,869,142,902,244
149,46,758,184,972,318
149,90,289,175,401,218
150,-1,704,113,1016,184
150,-1,1020,136,1206,202
150,-1,397,163,459,208
150,42,927,193,1241,374
150,43,0,199,249,361
150,44,841,145,874,252
150,45,885,140,913,248
150,46,770,185,1017,337
150,90,279,176,395,220
151,-1,706,115,1030,187
151,-1,1046,137,1242,217
151,-1,380,172,437,201
151,-1,82,170,276,217
151,42,992,194,1241,374
151,43,0,203,216,374
151,44,851,143,891,256
151,45,895,138,933,252
151,46,783,185,1070,358
151,90,268,177,388,222
152,-1,706,115,1039,189
152,-1,1046,137,1242,217
152,-1,380,172,437,201
152,-1,82,170,276,217
152,42,1091,198,1241,374
152,43,0,206,178,374
152,44,861,140,906,260
152,45,905,136,951,257
152,46,798,186,1139,374
152,90,256,177,380,224
153,-1,706,115,1039,189
153,-1,1104,146,1242,219
153,-1,380,172,437,201
153,-1,98,188,262,242
153,43,0,211,133,374
153,44,877,137,925,265
153,45,925,134,975,263
153,46,816,186,1233,374
153,90,246,177,373,225
154,-1,706,115,1039,189
154,-1,1104,146,1242,219
154,-1,380,172,437,201
154,-1,48,176,253,258
154,-1,808,154,904,209
154,-1,1,212,66,375
154,43,0,216,78,374
154,44,893,134,941,270
154,45,946,131,997,269
154,46,838,187,1241,374
154,90,235,177,366,227
155,-1,1186,134,1242,206
155,-1,345,172,416,213
155,-1,118,176,236,232
155,44,913,130,970,276
155,45,971,128,1028,276
155,46,866,188,1241,374
155,47,32,201,161,236
155,48,0,205,118,256
155,49,812,166,908,201
155,50,705,113,889,188
155,90,223,177,359,228
156,-1,345,172,416,213
156,-1,118,176,236,232
156,44,933,128,995,284
156,45,993,126,1052,284
156,46,899,190,1241,374
156,47,16,202,149,239
156,48,0,207,101,260
156,49,817,166,915,203
156,50,707,112,894,189
156,90,212,177,352,229
157,-1,345,172,416,213
157,-1,118,176,236,232
157,-1,1066,139,1162,215
157,44,958,125,1025,291
157,45,1031,122,1096,292
157,46,941,193,1241,374
157,47,0,203,136,241
157,48,0,210,82,265
157,49,821,166,922,204
157,50,708,111,898,190
157,90,200,179,344,233
158,-1,345,172,416,213
158,-1,118,176,236,232
158,-1,1116,130,1214,221
158,44,987,123,1053,302
158,45,1070,119,1136,301
158,46,999,196,1241,374
158,47,0,205,123,244
158,48,0,212,62,270
158,49,826,167,930,205
158,50,709,110,903,190
158,52,944,163,1095,208
158,90,188,180,337,236
159,-1,325,177,407,221
159,-1,103,192,164,234
159,-1,1156,134,1242,205
159,44,1018,118,1093,312
159,45,1097,114,1176,312
159,46,1081,203,1241,374
159,47,0,207,109,247
159,48,0,215,37,273
159,49,830,167,938,207
159,50,711,110,908,191
159,52,952,162,1107,207
159,90,175,182,329,240
160,-1,346,179,401,207
160,-1,103,192,164,234
160,-1,1156,134,1242,205
160,44,1053,112,1128,323
160,45,1124,109,1209,325
160,46,1208,214,1241,374
160,47,0,208,94,249
160,49,836,168,947,208
160,50,712,109,914,192
160,52,959,160,1119,207
160,54,283,187,352,221
160,90,162,182,321,241
161,-1,346,179,401,207
161,-1,87,191,145,233
161,44,1085,107,1179,336
161,45,1145,105,1241,337
161,47,0,209,80,251
161,49,839,167,954,209
161,50,713,108,918,192
161,52,968,158,1133,206
161,54,276,186,345,220
161,90,149,181,312,242
162,-1,346,179,401,207
162,-1,69,189,128,231
162,44,1118,102,1223,350
162,45,1187,102,1241,349
162,47,0,210,65,253
162,49,844,167,961,210
162,50,713,107,922,193
162,52,976,158,1145,207
162,54,268,185,338,220
162,90,134,181,303,243
163,-1,346,179,401,207
163,-1,57,188,117,236
163,44,1135,98,1241,365
163,45,1236,106,1241,319
163,47,0,211,49,255
163,49,848,166,968,210
163,50,714,106,926,193
163,52,984,158,1158,208
163,54,260,186,331,222
163,90,119,181,293,245
164,-1,321,181,392,207
164,-1,1,192,114,260
164,44,1180,94,1241,374
164,47,0,211,33,256
164,49,852,168,977,213
164,50,714,105,930,194
164,52,993,157,1172,209
164,54,252,187,324,223
164,90,103,182,283,248
165,-1,321,181,392,207
165,-1,1,192,114,260
165,44,1232,98,1241,373
165,49,857,169,985,215
165,50,715,104,934,194
165,51,1154,158,1241,237
165,52,1000,158,1184,212
165,54,244,188,316,225
165,90,86,184,272,252
166,-1,307,183,373,218
166,-1,1,196,75,249
166,49,861,169,992,216
166,50,714,104,937,195
166,51,1174,158,1241,239
166,52,1006,160,1195,214
166,54,234,190,308,229
166,90,68,185,261,256
167,-1,307,183,373,218
167,-1,1,196,75,249
167,49,865,169,999,217
167,50,713,103,939,196
167,51,1196,159,1241,239
167,52,1012,159,1206,215
167,54,224,192,300,231
167,90,49,187,249,260
168,-1,286,181,356,212
168,-1,1,200,52,245
168,49,869,169,1007,218
168,50,713,102,941,196
168,51,1219,159,1241,239
168,52,1018,158,1216,215
168,54,214,193,291,234
168,90,30,187,237,261
169,-1,286,181,356,212
169,49,873,168,1015,219
169,50,712,102,944,197
169,52,1024,157,1227,215
169,54,203,192,283,234
169,90,10,186,225,263
170,-1,272,183,348,218
170,49,877,168,1023,221
170,50,711,101,947,198
170,52,1030,156,1239,216
170,54,192,192,274,234
170,90,0,186,212,265
171,-1,272,183,348,218
171,49,881,168,1031,221
171,50,711,100,950,198
171,52,1038,156,1241,217
171,54,182,192,265,235
171,90,0,186,199,268
172,-1,249,186,340,216
172,49,886,167,1039,222
172,50,710,98,953,198
172,52,1046,155,1241,218
172,54,172,192,257,236
172,90,0,186,186,270
173,-1,249,186,340,216
173,49,890,167,1047,223
173,50,710,97,956,198
173,52,1055,155,1241,219
173,54,162,193,248,237
173,90,0,186,173,272
174,-1,238,186,323,217
174,49,895,166,1056,224
174,50,710,95,960,198
174,52,1064,155,1241,220
174,54,152,192,240,238
174,90,0,186,160,274
175,-1,238,186,323,217
175,49,899,166,1065,225
175,50,710,94,963,198
175,52,1073,154,1241,221
175,54,142,192,232,238
175,90,0,186,146,277
176,-1,231,181,316,220
176,-1,1089,148,1242,241
176,49,905,168,1075,228
176,50,710,93,966,198
176,54,135,192,225,240
176,90,0,186,134,280
177,-1,231,181,316,220
177,-1,1089,148,1242,241
177,49,906,168,1076,229
177,50,710,92,965,197
177,54,133,192,223,240
177,90,0,186,134,280
178,-1,231,181,316,220
178,-1,1089,148,1242,241
178,49,909,169,1079,229
178,50,711,91,968,196
178,54,134,193,228,240
178,90,0,186,133,279
179,-1,218,189,305,220
179,-1,1089,148,1242,241
179,49,908,169,1078,230
179,50,710,91,965,195
179,54,135,192,225,240
179,90,0,186,135,280
180,-1,943,171,1157,242
180,-1,218,189,305,220
180,-1,1120,142,1242,252
180,49,911,170,1082,230
180,50,713,90,969,195
180,54,140,192,227,240
180,90,0,186,138,279
181,-1,218,189,305,220
181,-1,1149,151,1242,245
181,49,950,170,1145,239
181,50,725,85,1001,197
181,54,111,192,204,244
181,90,0,187,89,292
182,-1,218,189,305,220
182,-1,1149,151,1242,245
182,49,961,170,1162,240
182,50,728,84,1008,198
182,54,110,191,203,243
182,90,0,185,84,291
183,-1,218,189,305,220
183,-1,1191,152,1242,254
183,49,973,171,1180,242
183,50,735,83,1018,199
183,54,108,190,202,242
183,90,0,182,78,290
184,-1,218,189,305,220
184,-1,1202,151,1242,258
184,49,985,171,1199,245
184,50,742,82,1030,199
184,54,110,188,205,240
184,90,0,181,77,289
185,-1,214,179,313,216
185,49,999,172,1219,247
185,50,748,81,1041,200
185,54,113,187,208,239
185,90,0,179,76,289
186,-1,214,179,313,216
186,-1,44,177,131,230
186,-1,753,75,1242,209
186,49,1014,173,1241,250
186,54,119,186,213,239
186,90,0,179,79,290
187,-1,220,178,324,221
187,-1,44,177,131,230
187,-1,755,81,1242,211
187,49,1029,175,1241,253
187,54,126,186,219,238
187,90,0,179,81,291
188,-1,220,178,324,221
188,-1,44,177,131,230
188,-1,766,88,1242,207
188,49,1045,176,1241,257
188,54,133,185,224,238
188,90,0,179,86,293
189,-1,222,175,344,223
189,-1,44,177,131,230
189,-1,778,81,1242,203
189,49,1061,178,1241,260
189,54,139,185,230,237
189,90,0,179,90,294
190,-1,232,173,347,217
190,-1,44,177,131,230
190,-1,793,89,1242,205
190,49,1078,179,1241,263
190,54,146,184,236,237
190,90,0,179,94,295
191,-1,243,169,357,217
191,-1,44,177,131,230
191,-1,806,82,1242,193
191,49,1095,181,1241,266
191,54,153,184,242,238
191,90,0,178,101,294
192,-1,243,169,357,217
192,-1,86,170,169,237
192,-1,812,75,1242,204
192,49,1112,183,1241,270
192,54,162,185,251,238
192,90,0,178,107,294
193,-1,243,169,357,217
193,-1,86,170,169,237
193,-1,813,76,1242,217
193,49,1131,184,1241,273
193,54,171,185,259,238
193,90,0,177,114,294
194,-1,253,173,374,218
194,-1,86,170,169,237
194,54,180,185,268,239
194,90,0,176,124,293
195,-1,253,173,374,218
195,-1,841,76,1242,272
195,54,190,185,276,239
195,55,101,184,180,242
195,90,0,175,133,292
196,-1,268,173,416,219
196,-1,841,76,1242,272
196,54,201,185,287,238
196,55,114,183,191,242
196,90,0,174,144,292
197,-1,268,173,416,219
197,-1,861,72,1242,238
197,54,212,184,298,237
197,55,126,183,203,241
197,90,0,173,154,291
198,-1,268,173,416,219
198,-1,861,72,1242,238
198,54,223,184,308,237
198,55,138,183,214,241
198,90,0,172,164,290
199,-1,302,174,427,213
199,-1,878,69,1242,243
199,54,234,183,319,236
199,55,150,183,225,241
199,90,0,171,174,289
200,-1,302,174,427,213
200,-1,897,73,1242,243
200,54,245,182,330,235
200,55,162,183,236,240
200,90,0,170,184,288
201,-1,338,178,454,216
201,-1,926,62,1242,239
201,54,259,183,344,236
201,55,179,183,251,241
201,90,0,171,199,289
202,-1,338,178,454,216
202,-1,945,72,1242,251
202,54,274,184,358,237
202,55,195,184,266,241
202,90,0,171,215,289
203,-1,364,175,473,213
203,-1,967,65,1242,247
203,54,288,185,372,238
203,55,211,184,281,242
203,90,0,172,230,290
204,-1,387,182,497,220
204,-1,987,74,1242,227
204,54,308,186,390,239
204,55,229,185,299,242
204,90,0,172,245,290
205,-1,401,179,519,223
205,-1,1009,83,1242,216
205,54,328,187,408,240
205,55,248,186,317,243
205,90,0,172,260,291
206,-1,401,179,519,223
206,-1,1046,86,1242,237
206,54,347,186,429,240
206,55,270,186,338,243
206,90,6,173,282,291
207,-1,459,176,554,216
207,-1,1095,71,1242,234
207,54,370,185,452,239
207,55,292,185,359,242
207,90,33,173,304,292
208,-1,497,176,582,218
208,-1,1116,70,1242,240
208,-1,1,176,38,280
208,54,397,185,477,239
208,55,319,185,385,242
208,90,61,173,326,293
209,-1,507,177,608,216
209,-1,1149,71,1242,240
209,-1,1,170,103,222
209,54,423,184,502,238
209,55,346,185,412,242
209,90,92,173,353,294
209,91,0,206,66,273
210,-1,534,169,642,217
210,54,450,183,527,237
210,55,373,184,438,241
210,57,0,187,116,233
210,90,124,173,381,295
210,91,0,206,102,274
211,-1,559,168,672,214
211,54,479,183,557,237
211,55,403,184,468,241
211,57,34,186,155,231
211,90,156,173,410,296
211,91,0,205,137,274
212,-1,586,169,699,216
212,54,509,182,587,238
212,55,434,183,499,240
212,57,76,185,192,229
212,90,189,172,440,298
212,91,15,205,172,273
213,-1,620,172,734,219
213,54,540,181,619,238
213,55,465,182,530,239
213,57,117,185,228,228
213,90,222,172,471,299
213,91,55,205,206,272
214,-1,646,158,771,225
214,-1,1,196,21,249
214,54,572,181,652,238
214,55,496,181,562,238
214,57,159,184,266,226
214,90,255,171,502,300
214,91,94,204,240,271
215,-1,678,161,814,218
215,-1,1,192,65,247
215,54,605,180,687,238
215,55,528,180,594,238
215,57,199,183,303,224
215,90,288,171,534,302
215,91,133,202,275,269
216,-1,720,165,851,221
216,-1,1,192,65,247
216,54,639,180,723,239
216,55,559,179,626,238
216,57,237,182,338,222
216,90,319,169,567,305
216,91,171,201,309,268
217,-1,757,162,898,219
217,-1,38,191,149,242
217,54,674,180,761,241
217,55,591,178,659,238
217,57,275,180,373,220
217,63,0,188,28,213
217,90,351,168,602,307
217,91,208,200,344,266
218,-1,798,162,953,231
218,-1,79,184,188,238
218,54,710,180,802,243
218,55,624,177,695,239
218,57,309,179,406,219
218,63,40,187,73,212
218,90,383,166,639,310
218,91,245,199,378,265
219,-1,848,160,991,222
219,-1,125,176,224,240
219,-1,1,178,51,221
219,54,747,179,843,244
219,55,659,176,732,239
219,57,344,179,439,218
219,63,86,186,117,211
219,90,412,164,674,314
219,91,276,197,407,265
220,-1,884,160,1036,230
220,-1,165,178,214,227
220,-1,1,178,110,225
220,54,785,178,888,245
220,55,696,175,771,240
220,56,190,192,255,231
220,57,376,178,470,218
220,63,129,185,159,209
220,90,443,162,711,318
220,91,307,196,437,264
221,-1,919,152,1077,226
221,-1,28,176,152,218
221,54,821,175,931,245
221,55,730,173,809,240
221,56,222,191,285,229
221,57,405,176,499,216
221,59,0,192,42,225
221,63,170,184,198,208
221,90,469,159,750,324
221,91,335,195,464,264
222,-1,969,154,1146,220
222,-1,71,176,180,217
222,54,859,171,980,245
222,55,764,171,851,241
222,56,254,189,316,227
222,57,434,174,528,214
222,59,34,190,82,224
222,63,207,182,233,205
222,90,496,155,792,331
222,91,364,194,493,264
223,-1,1008,152,1203,222
223,-1,117,176,219,212
223,-1,1,195,46,326
223,54,902,167,1034,245
223,55,798,169,896,242
223,56,286,187,346,225
223,57,464,172,558,212
223,59,73,189,120,221
223,63,241,180,266,203
223,90,526,151,841,339
223,91,394,193,522,264
224,-1,1078,149,1242,213
224,-1,160,180,254,212
224,-1,1,198,120,333
224,54,947,163,1094,246
224,55,835,166,946,243
224,56,318,186,377,223
224,57,494,170,589,211
224,59,113,188,159,220
224,63,274,180,299,202
224,90,555,146,892,349
224,91,421,192,551,265
225,-1,1130,131,1242,212
225,-1,181,171,296,214
225,53,0,204,103,304
225,54,997,158,1162,246
225,55,874,163,1000,244
225,56,349,184,408,222
225,57,525,168,620,209
225,59,148,186,192,217
225,63,310,177,335,199
225,90,586,140,952,360
225,91,449,191,583,267
226,-1,229,172,330,210
226,53,0,203,130,306
226,54,1054,154,1240,249
226,55,914,161,1055,248
226,56,381,183,438,221
226,57,554,165,651,207
226,59,187,185,230,215
226,63,346,175,371,197
226,90,618,135,1026,374
226,91,479,190,616,268
227,-1,262,172,356,212
227,53,0,202,158,308
227,54,1119,150,1241,251
227,55,958,159,1117,252
227,56,413,182,468,220
227,57,584,165,682,207
227,59,220,184,263,214
227,63,377,175,401,197
227,90,655,128,1118,374
227,91,507,190,647,270
228,-1,292,167,393,214
228,53,0,202,182,312
228,54,1188,152,1241,247
228,55,1008,156,1189,256
228,56,441,182,496,220
228,57,615,164,715,208
228,59,250,183,294,213
228,63,408,175,432,197
228,90,692,120,1229,374
228,91,537,189,681,272
229,-1,320,175,420,208
229,53,9,202,202,316
229,56,466,183,522,222
229,57,642,165,746,210
229,59,280,184,323,214
229,63,434,176,459,198
229,90,730,110,1241,374
229,91,561,190,713,278
230,-1,349,177,447,211
230,-1,102,187,201,225
230,53,15,203,221,320
230,56,489,184,546,224
230,57,671,165,777,211
230,58,477,181,523,217
230,59,308,186,350,217
230,60,612,174,709,207
230,63,463,178,485,200
230,90,767,98,1241,374
230,91,586,191,748,285
231,-1,363,178,468,214
231,-1,135,191,216,231
231,53,18,206,231,330
231,56,508,186,567,228
231,57,693,166,803,214
231,58,497,184,543,220
231,59,330,189,373,220
231,60,633,176,732,209
231,63,482,180,505,203
231,90,810,100,1241,374
231,91,607,193,779,294
232,-1,385,179,487,217
232,-1,146,184,233,221
232,53,9,210,241,342
232,56,529,189,589,231
232,57,717,167,831,216
232,58,518,186,564,223
232,59,348,190,392,222
232,60,655,177,757,211
232,63,502,182,525,204
232,90,858,102,1241,374
232,91,629,195,815,304
233,-1,393,182,506,214
233,-1,164,190,264,223
233,53,0,211,245,352
233,56,546,189,608,232
233,57,742,168,860,219
233,58,536,186,583,224
233,59,366,190,410,222
233,60,678,179,782,214
233,63,523,182,545,205
233,90,914,105,1241,374
233,91,654,198,856,315
234,-1,428,182,524,216
234,-1,968,152,1242,375
234,-1,179,191,280,237
234,53,0,213,251,363
234,56,565,189,629,234
234,57,766,169,890,222
234,58,555,187,602,225
234,59,385,190,428,222
234,60,699,179,807,215
234,63,542,183,566,206
234,91,678,198,899,327
235,-1,439,181,546,221
235,-1,968,152,1242,375
235,-1,202,188,305,233
235,53,0,215,256,374
235,56,584,189,650,235
235,57,793,170,923,225
235,58,574,187,622,226
235,59,403,190,447,222
235,60,722,179,833,216
235,62,762,177,880,220
235,63,563,182,586,205
235,91,706,199,951,341
236,-1,460,180,563,217
236,-1,1151,135,1242,320
236,-1,217,185,315,228
236,53,0,214,258,374
236,56,603,188,671,236
236,57,818,168,955,226
236,58,592,186,642,226
236,59,419,189,464,221
236,60,744,178,860,216
236,62,784,176,906,221
236,63,581,180,604,204
236,91,730,200,1008,358
237,-1,478,179,588,213
237,-1,217,185,315,228
237,53,0,213,260,374
237,56,621,188,692,237
237,57,846,167,989,226
237,58,610,184,662,226
237,59,434,187,480,220
237,60,767,177,888,216
237,62,807,176,935,223
237,63,599,179,622,203
237,91,759,202,1080,374
238,-1,485,176,597,213
238,-1,248,188,339,217
238,53,0,212,252,374
238,56,635,187,709,237
238,57,869,166,1019,229
238,58,626,183,679,225
238,59,446,186,493,219
238,60,787,176,913,217
238,62,832,176,966,224
238,63,613,178,636,202
238,91,792,203,1172,374
239,-1,501,176,611,211
239,-1,248,188,339,217
239,53,0,212,243,374
239,56,651,187,727,239
239,57,893,166,1053,232
239,58,639,183,694,226
239,59,458,185,505,218
239,60,806,175,938,218
239,62,853,176,993,226
239,63,624,177,648,201
239,91,819,206,1241,374
240,-1,510,178,620,210
240,-1,265,188,359,217
240,53,0,211,232,374
240,56,665,187,744,241
240,57,920,166,1089,235
240,58,652,182,708,227
240,59,467,184,514,218
240,60,824,176,961,220
240,62,876,176,1022,229
240,63,636,176,661,201
240,91,853,210,1241,374
241,-1,522,176,632,215
241,-1,265,188,359,217
241,53,0,214,203,374
241,56,676,187,760,244
241,57,942,165,1121,237
241,58,663,183,722,229
241,59,473,184,522,219
241,60,838,176,980,222
241,62,892,175,1046,230
241,63,648,176,673,201
241,91,894,214,1241,374
242,-1,528,174,643,209
242,-1,265,188,359,217
242,53,0,217,167,374
242,56,685,188,774,248
242,57,966,164,1157,240
242,58,671,183,733,231
242,59,476,185,526,220
242,60,852,175,1000,223
242,62,910,174,1072,232
242,63,656,178,681,203
242,91,947,219,1241,374
243,-1,528,174,643,209
243,-1,265,188,359,217
243,-1,1,219,144,375
243,-1,998,248,1242,375
243,53,0,222,123,374
243,56,692,187,787,250
243,57,988,163,1191,244
243,58,678,183,741,233
243,59,480,184,531,220
243,60,867,175,1022,224
243,62,929,174,1100,234
243,63,662,176,688,202
244,-1,528,174,643,209
244,-1,1,305,159,375
244,-1,1105,288,1242,375
244,56,700,187,801,253
244,57,1013,161,1231,247
244,58,684,183,750,234
244,59,481,183,532,221
244,60,882,175,1045,226
244,62,950,173,1132,236
244,63,667,176,693,202
244,66,272,185,366,216
245,-1,544,172,656,208
245,56,709,186,817,256
245,57,1040,161,1241,250
245,58,692,182,760,236
245,59,482,183,534,221
245,60,899,174,1070,228
245,61,504,181,550,214
245,62,973,171,1166,239
245,63,672,175,699,201
245,66,267,185,364,217
246,-1,544,172,656,208
246,56,716,185,832,259
246,57,1065,160,1241,252
246,58,697,181,769,236
246,59,481,182,536,220
246,60,913,170,1091,227
246,61,504,180,551,214
246,62,991,170,1196,241
246,63,675,173,702,200
246,66,263,185,362,217
247,-1,548,170,666,208
247,56,725,184,849,262
247,57,1093,159,1241,255
247,58,703,179,780,237
247,59,480,180,537,220
247,60,928,168,1116,226
247,61,504,179,553,213
247,62,1012,168,1231,243
247,63,679,171,707,199
247,66,258,185,359,218
248,-1,554,169,671,205
248,56,734,183,868,265
248,57,1126,158,1241,258
248,58,710,177,792,238
248,59,479,178,539,219
248,60,944,165,1142,226
248,61,504,177,554,213
248,62,1037,169,1241,247
248,63,684,170,712,198
248,66,254,185,357,218
249,-1,554,169,671,205
249,56,743,186,889,275
249,57,1161,157,1241,261
249,58,715,180,803,243
249,59,476,181,539,223
249,60,961,168,1170,232
249,61,502,179,555,215
249,62,1065,169,1241,250
249,63,687,171,716,199
249,66,249,185,355,219
250,-1,554,169,671,205
250,56,753,189,912,286
250,57,1198,156,1241,264
250,58,721,182,815,249
250,59,474,183,539,226
250,60,980,171,1202,239
250,61,501,182,556,219
250,62,1097,170,1241,254
250,63,689,174,719,203
250,66,240,186,349,221
251,-1,595,171,680,201
251,-1,555,186,590,219
251,56,762,191,939,298
251,58,726,184,827,256
251,59,470,186,537,231
251,60,996,172,1235,244
251,61,500,184,555,223
251,62,1129,172,1241,259
251,63,692,177,722,207
251,66,231,187,343,223
252,-1,599,177,678,205
252,-1,555,186,590,219
252,56,772,194,972,312
252,58,732,187,840,264
252,59,466,189,535,236
252,60,1015,173,1241,249
252,61,498,187,554,227
252,62,1165,174,1241,264
252,63,693,179,724,209
252,66,221,188,337,224
253,-1,600,179,682,206
253,-1,555,186,590,219
253,56,783,196,1010,326
253,58,738,190,855,272
253,59,460,189,532,239
253,60,1035,175,1241,253
253,61,494,188,552,230
253,62,1203,176,1241,270
253,63,695,181,726,212
253,66,211,188,331,226
254,-1,600,179,682,206
254,56,796,197,1057,345
254,58,743,189,870,276
254,59,455,190,528,241
254,60,1058,177,1241,258
254,61,489,187,549,230
254,63,694,180,727,211
254,64,518,192,563,224
254,65,535,189,576,218
254,66,197,189,321,229
255,-1,600,179,682,206
255,56,810,200,1117,368
255,58,749,188,887,281
255,59,448,187,524,240
255,60,1083,178,1241,263
255,61,485,186,546,230
255,63,693,178,728,210
255,64,514,190,561,222
255,65,532,187,574,216
255,66,182,191,311,231
256,-1,594,176,683,200
256,56,828,201,1196,374
256,58,756,188,907,288
256,59,439,185,520,239
256,60,1113,179,1241,267
256,61,480,183,542,228
256,63,693,176,729,209
256,64,510,187,558,220
256,65,529,185,572,215
256,66,166,187,300,229
257,-1,594,176,683,200
257,56,849,203,1241,374
257,58,764,187,931,296
257,59,430,182,515,239
257,60,1147,179,1241,272
257,61,475,181,539,226
257,63,693,174,730,207
257,64,506,184,556,218
257,65,526,182,570,213
257,66,149,183,289,226
258,-1,594,176,683,200
258,56,875,205,1241,374
258,58,773,187,959,305
258,59,420,183,510,243
258,60,1185,179,1241,276
258,61,469,181,535,229
258,63,693,174,731,208
258,64,502,185,553,220
258,65,522,183,567,214
258,66,131,185,276,229
259,-1,594,176,683,200
259,56,908,207,1241,374
259,58,783,187,993,317
259,59,410,184,505,247
259,60,1224,180,1241,281
259,61,462,182,531,232
259,63,693,175,733,210
259,64,497,186,550,222
259,65,517,184,564,216
259,66,111,186,263,233
260,-1,584,172,678,203
260,-1,294,171,374,212
260,56,951,211,1241,374
260,58,795,186,1035,331
260,59,398,186,499,252
260,61,455,183,527,235
260,63,694,175,735,211
260,64,491,187,546,225
260,65,512,184,561,218
260,66,89,188,249,237
261,-1,584,172,678,203
261,-1,294,171,374,212
261,-1,1046,247,1242,375
261,58,809,187,1092,352
261,59,385,186,493,256
261,61,447,183,523,237
261,63,694,175,737,212
261,64,486,187,543,226
261,65,509,184,559,219
261,66,66,189,234,240
262,-1,584,172,678,203
262,-1,270,177,357,211
262,58,827,188,1167,374
262,59,371,186,486,260
262,61,439,184,518,240
262,63,695,174,739,212
262,64,480,186,539,227
262,65,505,184,556,220
262,66,40,190,217,243
263,-1,584,172,678,203
263,-1,270,177,357,211
263,58,848,189,1241,374
263,59,355,186,479,265
263,61,430,184,513,243
263,63,696,174,741,213
263,64,473,188,536,229
263,65,501,184,554,221
263,66,12,191,199,247
264,-1,584,172,678,203
264,-1,241,176,332,213
264,58,873,191,1241,374
264,59,336,187,471,271
264,61,420,184,508,247
264,63,697,175,743,215
264,64,467,189,532,232
264,65,496,185,550,223
264,66,0,193,180,251
265,-1,584,172,678,203
265,-1,241,176,332,213
265,58,906,193,1241,374
265,59,315,187,462,277
265,61,408,185,502,251
265,63,698,175,746,216
265,64,460,190,528,235
265,65,491,186,547,226
265,66,0,194,159,255
266,-1,584,172,678,203
266,-1,215,175,296,222
266,58,949,193,1241,374
266,59,291,188,452,286
266,61,395,185,496,254
266,63,699,175,749,217
266,64,452,190,524,237
266,65,486,186,544,227
266,66,0,194,135,258
267,-1,575,174,650,210
267,-1,215,175,296,222
267,-1,656,167,685,197
267,58,1007,194,1241,374
267,59,262,188,441,293
267,61,381,185,489,259
267,63,700,175,752,218
267,64,444,190,520,239
267,65,480,186,540,228
267,66,0,195,108,262
268,-1,575,174,650,210
268,-1,185,176,283,222
268,-1,656,167,685,197
268,-1,1080,247,1242,375
268,59,229,188,429,303
268,61,365,185,482,264
268,63,702,174,755,220
268,64,435,189,515,241
268,65,474,185,537,229
268,66,0,195,78,266
269,-1,575,174,650,210
269,-1,659,170,687,189
269,59,188,187,414,314
269,61,347,185,474,269
269,63,703,174,759,221
269,64,424,190,509,245
269,65,468,185,533,231
269,66,0,196,45,268
270,-1,596,172,645,199
270,-1,659,170,687,189
270,59,138,189,397,333
270,61,326,185,465,275
270,63,705,174,763,222
270,64,412,191,503,248
270,65,461,186,530,234
270,67,572,180,603,202
271,-1,659,170,687,189
271,-1,690,178,727,206
271,59,73,189,378,352
271,61,302,185,455,281
271,63,707,173,767,223
271,64,400,191,497,251
271,65,453,185,525,235
271,67,570,179,602,201
271,75,619,178,637,192
272,-1,659,170,687,189
272,-1,689,174,722,210
272,59,0,190,354,374
272,61,274,184,444,289
272,63,709,172,772,224
272,64,386,190,490,254
272,65,444,184,521,236
272,67,568,178,600,200
272,75,617,177,636,191
273,-1,659,170,687,189
273,-1,690,175,726,205
273,59,0,190,325,374
273,61,240,183,432,297
273,63,711,171,778,225
273,64,371,190,482,258
273,65,434,183,516,237
273,67,566,177,599,200
273,75,616,175,635,189
274,-1,659,170,687,189
274,-1,690,174,728,202
274,59,0,189,289,374
274,61,199,183,418,310
274,63,713,169,783,226
274,64,353,189,473,262
274,65,423,182,511,239
274,67,563,176,597,199
274,75,614,174,633,188
275,-1,659,170,687,189
275,-1,690,174,728,202
275,59,0,192,242,374
275,61,149,183,402,325
275,63,715,168,790,228
275,64,332,191,463,269
275,65,410,183,505,244
275,67,561,176,595,199
275,75,612,173,631,188
276,-1,659,170,687,189
276,-1,690,174,728,202
276,59,0,195,183,374
276,61,83,184,382,347
276,63,718,168,797,231
276,64,308,191,452,276
276,65,394,183,497,247
276,67,557,176,593,200
276,75,609,174,629,189
277,-1,659,170,687,189
277,-1,688,174,731,213
277,59,0,200,101,374
277,61,0,185,357,374
277,63,720,168,804,233
277,64,279,192,439,284
277,65,377,183,488,251
277,67,554,176,590,201
277,75,607,173,627,188
278,-1,659,170,687,189
278,-1,688,174,731,213
278,61,0,187,326,374
278,63,722,168,812,237
278,64,246,194,425,297
278,65,359,185,479,258
278,67,550,176,587,202
278,75,605,174,626,190
279,-1,659,170,687,189
279,-1,688,174,731,213
279,-1,620,173,644,186
279,61,0,189,289,374
279,63,725,170,822,243
279,64,207,198,409,313
279,65,337,187,469,267
279,67,547,179,584,205
279,75,603,177,624,192
280,-1,659,170,687,189
280,-1,688,174,731,213
280,-1,615,175,647,192
280,61,0,192,240,374
280,63,728,173,833,251
280,64,157,202,390,332
280,65,313,190,457,277
280,67,543,182,582,209
280,68,715,185,778,229
280,69,705,180,752,219
280,70,699,181,738,213
280,75,601,180,622,196
281,-1,655,174,682,199
281,-1,621,175,647,200
281,-1,687,185,721,208
281,61,0,193,184,374
281,63,733,174,845,256
281,64,91,203,368,352
281,65,286,192,447,287
281,67,539,185,579,213
281,68,718,188,784,235
281,69,706,184,756,225
281,70,700,184,739,216
281,75,599,183,620,199
282,-1,655,174,682,199
282,-1,621,175,647,200
282,-1,683,177,715,210
282,61,0,198,106,374
282,63,737,175,858,263
282,64,3,204,341,374
282,65,255,193,435,298
282,67,534,183,575,212
282,68,718,187,788,236
282,69,707,182,759,224
282,70,699,183,741,217
282,75,596,182,617,198
283,-1,659,167,687,194
283,-1,607,172,650,188
283,-1,685,175,714,202
283,63,742,169,875,264
283,64,0,206,308,374
283,65,217,190,421,303
283,67,530,178,573,207
283,68,721,182,794,233
283,69,707,178,762,222
283,70,700,179,743,213
283,75,594,176,616,193
284,-1,658,166,681,184
284,-1,616,166,655,183
284,-1,685,175,714,202
284,63,748,163,893,265
284,64,0,208,267,374
284,65,170,187,405,313
284,67,526,173,570,203
284,68,724,176,802,229
284,69,709,170,767,216
284,70,702,170,747,206
284,75,591,170,614,187
285,-1,658,166,681,184
285,-1,616,166,655,183
285,-1,686,165,718,193
285,-1,564,166,600,204
285,63,754,155,915,266
285,64,0,211,212,374
285,65,111,187,386,329
285,67,522,171,567,202
285,68,728,174,810,229
285,69,711,166,773,214
285,70,702,169,749,205
285,72,695,170,734,201
285,75,589,168,612,185
286,-1,658,166,681,184
286,-1,622,167,662,184
286,-1,686,165,718,193
286,-1,552,164,596,208
286,63,761,156,943,277
286,64,0,218,145,374
286,65,32,190,362,356
286,67,517,172,564,204
286,68,732,176,820,235
286,69,713,168,778,218
286,70,704,170,752,208
286,72,696,170,736,203
286,75,587,169,610,187
287,-1,658,166,681,184
287,-1,622,167,662,184
287,-1,686,165,718,193
287,-1,548,175,590,208
287,63,770,156,977,290
287,65,0,194,332,374
287,67,512,174,560,207
287,68,736,178,831,240
287,69,715,171,783,223
287,70,705,172,755,212
287,72,696,171,738,205
287,75,585,171,608,189
288,-1,658,166,681,184
288,-1,631,170,672,186
288,-1,686,165,718,193
288,-1,552,171,588,208
288,63,779,156,1019,307
288,65,0,197,295,374
288,67,507,176,557,210
288,68,741,180,844,247
288,69,718,173,789,227
288,70,706,174,759,215
288,72,697,173,740,207
288,75,582,173,606,191
289,-1,658,166,681,184
289,-1,631,170,672,186
289,-1,686,165,718,193
289,-1,549,174,594,212
289,63,790,157,1073,328
289,65,0,202,248,374
289,67,502,179,553,215
289,68,746,182,858,255
289,69,720,176,796,233
289,70,708,177,762,219
289,72,698,176,743,211
289,75,580,176,604,194
290,-1,661,175,683,196
290,-1,641,176,671,191
290,-1,684,175,720,205
290,-1,545,177,577,217
290,63,803,158,1143,355
290,65,0,209,186,374
290,67,497,183,550,219
290,68,754,185,877,263
290,69,723,179,803,239
290,70,709,179,766,223
290,72,698,179,745,215
290,75,578,179,603,198
291,-1,661,175,683,196
291,-1,643,178,687,196
291,-1,684,175,720,205
291,-1,1,204,92,375
291,-1,542,183,581,222
291,63,820,156,1241,374
291,65,0,220,108,374
291,67,490,186,546,225
291,68,760,190,896,276
291,69,727,181,813,244
291,70,711,184,772,231
291,72,699,182,749,220
291,75,575,183,601,202
292,-1,661,175,683,196
292,-1,652,179,692,201
292,-1,684,175,720,205
292,-1,530,184,576,223
292,63,842,155,1241,374
292,67,484,188,543,229
292,68,769,193,920,288
292,69,731,182,823,250
292,70,714,185,777,235
292,72,701,184,752,224
292,75,573,184,599,204
293,-1,661,175,683,196
293,-1,652,179,692,201
293,-1,684,175,720,205
293,-1,522,186,569,225
293,63,869,154,1241,374
293,67,477,187,538,229
293,68,779,193,950,297
293,69,735,182,836,254
293,70,716,185,783,236
293,72,702,183,755,224
293,75,570,183,597,203
294,-1,684,177,746,220
294,-1,661,175,683,196
294,-1,652,179,692,201
294,-1,680,181,717,215
294,-1,522,186,569,225
294,63,903,157,1241,374
294,67,469,186,534,230
294,68,790,193,987,309
294,69,740,181,850,258
294,70,718,184,790,238
294,72,703,182,759,225
294,75,567,182,594,202
295,-1,657,173,701,197
295,-1,652,179,692,201
295,-1,679,180,711,209
295,63,948,161,1241,374
295,67,461,185,529,230
295,68,804,193,1032,324
295,69,745,180,866,263
295,70,721,183,797,239
295,71,496,183,551,219
295,72,704,181,763,225
295,73,518,184,563,213
295,74,692,180,739,217
295,75,565,181,592,201
296,-1,652,175,677,197
296,-1,666,177,708,193
296,-1,680,175,711,211
296,67,453,185,524,232
296,68,819,194,1091,344
296,69,752,180,884,269
296,70,725,182,807,242
296,71,490,183,547,220
296,72,706,181,768,228
296,73,514,183,560,214
296,74,693,179,742,217
296,75,562,181,590,202
297,-1,652,175,677,197
297,-1,673,173,715,191
297,-1,680,174,713,205
297,67,444,185,519,234
297,68,838,194,1169,370
297,69,760,179,906,276
297,70,729,182,817,246
297,71,484,183,543,221
297,72,708,181,774,229
297,73,509,183,557,214
297,74,694,178,746,218
297,75,559,179,588,201
298,-1,652,175,677,197
298,-1,673,173,715,191
298,-1,679,177,716,208
298,67,433,185,513,237
298,68,864,197,1241,374
298,69,770,179,932,285
298,70,734,182,829,249
298,71,477,183,538,222
298,72,711,180,780,230
298,73,503,182,554,214
298,74,694,178,749,219
298,75,556,178,585,200
299,-1,652,175,677,197
299,-1,673,173,715,191
299,-1,678,173,714,205
299,67,422,185,507,239
299,68,898,200,1241,374
299,69,780,178,963,295
299,70,739,181,843,253
299,71,470,183,534,224
299,72,714,179,786,232
299,73,497,182,550,215
299,74,695,177,753,220
299,75,552,177,583,200
300,-1,652,175,677,197
300,-1,673,173,715,191
300,-1,680,176,721,207
300,67,409,185,500,242
300,68,942,205,1241,374
300,69,793,178,1001,308
300,70,745,181,859,258
300,71,462,182,528,225
300,72,717,178,794,233
300,73,491,181,547,215
300,74,696,176,757,221
300,75,549,178,580,201
301,-1,652,175,677,197
301,-1,648,168,695,193
301,-1,680,176,721,207
301,67,396,185,493,246
301,68,1001,210,1241,374
301,69,809,178,1051,326
301,70,752,181,878,265
301,71,453,183,524,228
301,72,720,178,802,237
301,73,485,182,543,217
301,74,698,177,762,224
301,75,546,178,577,201
302,-1,652,175,677,197
302,-1,648,168,695,193
302,-1,680,176,721,207
302,67,381,186,485,251
302,68,1086,220,1241,374
302,69,828,179,1117,350
302,70,760,182,900,274
302,71,444,183,519,230
302,72,724,178,812,241
302,73,478,182,539,219
302,74,699,177,768,226
302,75,542,178,575,202
303,-1,652,175,677,197
303,-1,636,172,684,191
303,-1,680,176,721,207
303,67,363,186,476,256
303,68,1219,239,1241,374
303,69,851,181,1207,374
303,70,769,183,926,284
303,71,433,183,513,233
303,72,727,179,823,246
303,73,470,183,535,222
303,74,701,178,774,229
303,75,539,178,572,203
304,-1,652,175,677,197
304,-1,636,172,684,191
304,-1,680,176,721,207
304,67,343,187,466,262
304,69,881,182,1241,374
304,70,779,184,959,297
304,71,422,184,507,236
304,72,732,180,835,251
304,73,462,184,530,224
304,74,703,178,781,233
304,75,535,179,569,204
305,-1,652,175,677,197
305,-1,620,173,669,192
305,-1,680,176,721,207
305,-1,556,174,592,193
305,67,320,188,456,269
305,69,920,183,1241,374
305,70,792,185,999,312
305,71,409,184,500,240
305,72,736,180,849,257
305,73,454,184,525,227
305,74,705,179,789,236
305,75,531,179,566,205
305,76,694,179,753,224
305,77,690,178,735,214
306,-1,652,175,677,197
306,-1,613,174,668,192
306,-1,556,174,592,193
306,67,295,189,444,277
306,69,974,184,1241,374
306,70,807,184,1053,329
306,71,396,185,493,243
306,72,743,180,867,263
306,73,445,184,520,229
306,74,708,179,797,239
306,75,527,179,563,205
306,76,696,179,758,226
306,77,691,177,738,215
307,-1,652,175,677,197
307,-1,604,174,651,193
307,-1,560,174,599,194
307,67,265,190,431,287
307,69,1053,186,1241,374
307,70,826,184,1123,351
307,71,382,185,486,247
307,72,751,181,887,271
307,73,435,184,515,231
307,74,712,178,807,243
307,75,523,179,560,206
307,76,698,178,763,227
307,77,692,177,742,216
308,-1,652,175,677,197
308,-1,604,174,651,193
308,-1,560,174,599,194
308,67,229,191,416,298
308,69,1175,194,1241,374
308,70,849,186,1222,374
308,71,366,186,477,252
308,72,760,181,912,280
308,73,425,184,510,233
308,74,715,178,818,246
308,75,519,179,557,207
308,76,701,177,769,229
308,77,694,176,745,217
309,-1,652,172,684,197
309,-1,563,173,639,194
309,67,184,192,399,312
309,70,878,189,1241,374
309,71,347,186,467,258
309,72,770,182,942,291
309,73,413,184,504,236
309,74,719,177,830,251
309,75,515,178,554,208
309,76,703,177,776,231
309,77,695,175,749,218
310,-1,652,172,684,197
310,-1,563,173,639,194
310,67,128,193,378,329
310,70,915,193,1241,374
310,71,325,186,457,264
310,72,782,182,979,304
310,73,400,184,498,239
310,74,724,177,844,255
310,75,510,178,551,208
310,76,706,176,783,233
310,77,697,175,753,219
310,78,685,176,733,212
311,-1,652,172,684,197
311,-1,563,173,639,194
311,67,58,194,358,350
311,70,967,198,1241,374
311,71,301,188,446,271
311,72,797,184,1026,322
311,73,387,185,491,243
311,74,729,177,862,262
311,75,506,179,548,210
311,76,709,177,792,237
311,77,699,175,758,222
311,78,685,175,737,213
312,-1,652,172,684,197
312,-1,563,173,639,194
312,67,0,196,333,374
312,70,1041,204,1241,374
312,71,272,189,434,280
312,72,815,185,1088,346
312,73,372,186,483,247
312,74,736,178,883,271
312,75,501,179,545,211
312,76,712,177,801,242
312,77,701,176,763,225
312,78,686,176,740,215
313,-1,652,172,684,197
313,-1,554,171,641,194
313,67,0,198,302,374
313,70,1151,215,1241,374
313,71,238,190,420,291
313,72,838,188,1172,374
313,73,355,187,475,253
313,74,743,179,908,281
313,75,495,179,542,212
313,76,716,178,812,247
313,77,703,177,769,228
313,78,687,177,744,217
314,-1,544,169,695,199
314,67,0,200,263,374
314,71,196,192,404,304
314,72,866,190,1241,374
314,73,336,188,465,259
314,74,751,180,939,293
314,75,490,180,538,214
314,76,720,179,825,252
314,77,705,178,776,231
314,78,689,178,748,220
315,-1,544,169,695,199
315,67,0,203,212,374
315,71,145,194,385,321
315,72,902,194,1241,374
315,73,314,189,455,266
315,74,761,181,977,307
315,75,484,180,535,215
315,76,724,180,839,259
315,77,708,178,783,235
315,78,690,179,752,222
315,79,505,179,550,210
315,80,688,178,735,214
316,-1,545,172,586,198
316,-1,614,172,695,199
316,-1,132,160,225,225
316,67,0,210,144,374
316,71,83,195,364,339
316,72,946,196,1241,374
316,73,290,190,444,272
316,74,773,182,1023,326
316,75,478,180,531,216
316,76,730,181,856,266
316,77,710,180,790,239
316,78,691,180,757,225
316,79,500,179,546,212
316,80,689,178,738,215
317,-1,538,178,576,193
317,-1,615,173,693,207
317,-1,92,170,207,233
317,71,3,197,339,364
317,72,1006,204,1241,374
317,73,261,191,433,281
317,74,787,183,1083,350
317,75,472,180,526,218
317,76,736,181,875,273
317,77,713,181,798,244
317,78,693,180,761,228
317,79,494,180,543,213
317,80,690,178,741,216
318,-1,538,178,576,193
318,-1,622,170,695,195
318,-1,84,170,194,227
318,71,0,199,309,374
318,72,1094,209,1241,374
318,73,226,191,420,290
318,74,804,185,1165,374
318,75,466,179,522,219
318,76,744,182,897,282
318,77,717,180,809,247
318,78,695,180,767,229
318,79,489,178,539,212
318,80,691,177,744,217
319,-1,622,170,695,195
319,-1,65,168,175,235
319,71,0,202,271,374
319,72,1234,219,1241,374
319,73,185,192,405,302
319,74,826,187,1241,374
319,75,459,179,517,220
319,76,752,182,925,293
319,77,721,179,821,250
319,78,697,179,773,231
319,79,484,178,536,214
319,80,692,177,747,218
320,-1,608,169,698,193
320,-1,65,168,175,235
320,71,0,206,223,374
320,73,133,193,387,317
320,74,852,189,1241,374
320,75,451,179,512,221
320,76,762,182,958,306
320,77,726,178,834,253
320,78,700,178,779,232
320,79,479,178,532,215
320,80,694,177,750,219
321,-1,596,169,700,195
321,-1,6,173,119,238
321,71,0,211,166,374
321,73,72,198,368,339
321,74,887,192,1241,374
321,75,444,179,507,223
321,76,773,182,998,321
321,77,732,178,849,260
321,78,702,178,787,236
321,79,472,178,529,216
321,80,695,177,755,221
322,-1,586,172,709,194
322,-1,6,173,119,238
322,71,0,218,88,374
322,73,0,199,346,363
322,74,935,195,1241,374
322,75,435,179,501,225
322,76,787,182,1050,341
322,77,738,179,867,267
322,78,705,178,795,239
322,79,466,178,525,217
322,80,697,177,760,223
323,-1,586,172,709,194
323,-1,1,172,110,242
323,73,0,201,319,374
323,74,1003,200,1241,374
323,75,425,180,496,228
323,76,803,183,1117,367
323,77,745,180,888,275
323,78,708,179,805,243
323,79,459,177,521,219
323,80,699,177,765,225
324,-1,569,174,610,196
324,-1,629,167,731,195
324,73,0,204,286,374
324,74,1106,209,1241,374
324,75,415,180,489,230
324,76,824,183,1210,374
324,77,753,180,913,285
324,78,711,179,815,247
324,79,451,177,516,220
324,80,702,177,771,227
325,-1,550,173,604,195
325,-1,633,167,681,199
325,73,0,207,244,374
325,75,404,180,483,233
325,76,852,186,1241,374
325,77,763,181,943,297
325,78,715,179,827,252
325,79,443,177,512,222
325,80,704,177,778,230
326,-1,543,171,593,196
326,-1,628,164,686,203
326,73,0,209,195,374
326,75,392,180,476,236
326,76,887,189,1241,374
326,77,774,181,979,311
326,78,719,179,841,257
326,79,435,177,506,223
326,80,707,177,784,232
327,-1,529,169,578,195
327,-1,628,164,686,203
327,-1,1,195,112,375
327,-1,711,147,801,195
327,73,0,215,131,374
327,75,378,180,469,238
327,76,934,192,1241,374
327,77,787,181,1024,327
327,78,724,178,857,262
327,79,426,177,501,225
327,80,709,176,791,235
328,-1,505,167,564,197
328,-1,615,166,679,197
328,-1,716,144,800,198
328,75,363,179,460,241
328,76,1000,198,1241,374
328,77,803,181,1083,348
328,78,729,178,875,268
328,79,416,176,494,227
328,80,712,176,799,238
329,-1,480,166,556,193
329,-1,611,164,684,204
329,-1,707,145,782,198
329,75,346,179,452,245
329,76,1101,207,1241,374
329,77,821,181,1161,374
329,78,735,177,897,275
329,79,406,176,488,229
329,80,715,176,808,241
330,-1,474,165,541,197
330,-1,611,164,684,204
330,75,327,178,442,249
330,77,845,183,1241,374
330,78,742,176,923,284
330,79,394,175,481,231
330,80,719,175,818,244
330,87,697,147,769,184
331,-1,474,165,541,197
331,-1,611,164,684,204
331,75,305,180,430,255
331,77,875,185,1241,374
331,78,749,177,953,296
331,79,380,177,473,235
331,80,722,176,828,249
331,87,687,148,760,185
332,-1,474,165,541,197
332,-1,605,164,660,196
332,75,280,181,416,262
332,77,912,187,1241,374
332,78,757,178,991,311
332,79,365,178,465,240
332,80,725,176,841,255
332,87,677,148,751,186
333,-1,456,172,529,203
333,-1,605,164,660,196
333,75,251,183,401,270
333,77,962,190,1241,374
333,78,767,180,1035,330
333,79,347,179,455,245
333,80,729,177,854,261
333,87,667,149,742,187
334,-1,456,172,529,203
334,-1,593,168,648,195
334,75,216,184,383,280
334,77,1034,196,1241,374
334,78,779,181,1092,354
334,79,326,181,444,251
334,80,733,178,871,269
334,87,657,149,732,188
335,-1,582,172,644,198
335,-1,423,167,469,199
335,75,175,186,363,292
335,77,1147,205,1241,374
335,78,793,183,1168,374
335,79,303,182,432,257
335,80,738,179,889,278
335,81,477,175,532,198
335,82,668,169,688,200
335,87,647,150,722,189
336,-1,582,172,644,198
336,-1,410,177,448,197
336,-1,719,166,750,204
336,75,127,187,343,305
336,78,811,184,1241,374
336,79,279,183,418,264
336,80,744,179,912,287
336,81,475,177,531,200
336,82,670,170,686,201
336,87,635,151,711,190
337,-1,582,172,644,198
337,-1,400,178,431,199
337,-1,695,162,744,194
337,75,69,189,318,320
337,78,832,186,1241,374
337,79,252,185,403,272
337,80,750,179,939,298
337,81,474,178,530,202
337,82,670,171,686,203
337,87,622,152,699,192
338,-1,572,176,629,200
338,-1,378,176,422,204
338,-1,695,165,750,202
338,75,0,191,290,339
338,78,861,188,1241,374
338,79,219,185,387,279
338,80,757,179,971,311
338,81,473,177,529,203
338,82,669,172,686,205
338,87,609,153,687,193
339,-1,572,176,629,200
339,-1,378,176,422,204
339,75,0,193,255,363
339,78,898,190,1241,374
339,79,180,184,369,286
339,80,766,180,1012,328
339,81,471,177,527,203
339,82,671,170,686,204
339,86,667,172,730,191
339,87,596,151,675,192
340,-1,572,176,629,200
340,-1,378,176,422,204
340,-1,447,176,470,196
340,75,0,195,213,374
340,78,952,194,1241,374
340,79,134,184,349,296
340,80,776,180,1064,350
340,81,469,176,526,203
340,82,673,167,685,203
340,83,559,172,619,192
340,84,349,178,418,202
340,86,662,172,726,191
340,87,582,149,662,191
341,-1,572,176,629,200
341,-1,378,176,422,204
341,-1,444,176,463,197
341,75,0,197,166,374
341,79,81,185,326,310
341,80,790,181,1132,374
341,81,467,175,523,203
341,82,673,168,688,204
341,83,554,172,615,192
341,84,346,178,418,202
341,86,658,172,723,192
341,87,569,149,650,191
342,-1,1,189,75,375
342,-1,434,174,461,201
342,75,0,202,105,374
342,79,16,186,300,327
342,80,806,183,1226,374
342,81,466,175,521,205
342,82,674,168,691,206
342,83,548,171,610,193
342,84,343,177,418,202
342,86,653,172,719,192
342,87,555,149,637,191
343,-1,1,189,75,375
343,-1,433,178,460,202
343,79,0,189,274,347
343,80,827,184,1241,374
343,81,464,178,519,209
343,82,675,169,692,207
343,83,544,173,607,195
343,84,341,179,418,205
343,86,649,172,716,193
343,87,541,151,624,194
344,-1,1,189,75,375
344,-1,433,181,451,204
344,79,0,192,243,374
344,80,854,187,1241,374
344,81,462,180,516,212
344,82,676,169,694,209
344,83,539,175,603,197
344,84,339,181,418,208
344,86,644,172,712,193
344,87,526,153,611,197
345,-1,1,189,75,375
345,-1,427,178,445,207
345,79,0,195,206,374
345,80,889,189,1241,374
345,81,460,182,513,216
345,82,678,170,697,211
345,83,534,177,600,199
345,84,337,183,418,211
345,85,101,181,205,234
345,86,641,174,710,195
345,87,511,155,597,199
346,-1,944,234,1242,375
346,-1,414,181,444,206
346,79,0,198,162,374
346,81,457,182,509,218
346,82,681,169,701,212
346,83,530,176,597,199
346,84,337,182,420,211
346,85,79,181,191,236
346,86,638,174,709,195
346,87,496,154,584,200
347,-1,1029,262,1242,375
347,-1,1,181,130,375
347,-1,417,178,438,203
347,79,0,200,108,374
347,81,454,181,505,220
347,82,685,170,705,214
347,83,526,176,594,199
347,84,337,182,421,212
347,85,55,181,176,238
347,86,635,173,707,195
347,87,481,154,571,200
348,-1,1,171,33,240
348,-1,416,178,442,198
348,81,449,181,500,222
348,82,688,168,709,214
348,83,522,176,592,199
348,84,337,182,422,212
348,85,30,180,159,240
348,86,632,173,705,195
348,87,465,153,557,200
349,81,444,181,494,224
349,82,694,167,714,214
349,83,518,175,589,200
349,84,338,181,424,213
349,85,1,180,141,243
349,86,629,173,703,195
349,87,448,153,542,200
350,81,437,181,488,227
350,82,699,166,718,216
350,83,514,175,585,200
350,84,338,180,425,214
350,85,0,180,122,245
350,86,626,172,701,195
350,87,431,153,527,201
351,81,426,181,482,231
351,82,703,166,725,217
351,83,511,175,584,200
351,84,339,181,427,215
351,85,0,181,104,248
351,86,624,172,701,196
351,87,415,153,513,202
352,81,414,182,478,235
352,82,708,165,732,218
352,83,508,175,583,201
352,84,340,181,429,217
352,85,0,182,84,252
352,86,622,172,700,197
352,87,398,153,499,203
353,81,401,182,474,240
353,82,716,164,739,219
353,83,506,175,583,202
353,84,342,182,432,220
353,85,0,183,62,253
353,86,621,173,701,197
353,87,381,153,483,204
354,81,384,183,468,246
354,82,724,164,745,222
354,83,503,176,582,203
354,84,343,182,434,222
354,85,0,185,39,253
354,86,620,173,701,198
354,87,363,154,468,205
355,81,363,183,462,254
355,82,729,165,753,225
355,83,500,176,581,204
355,84,345,183,437,225
355,86,618,173,701,199
355,87,345,154,452,206
355,88,99,179,215,217
356,81,341,185,453,263
356,82,735,163,761,226
356,83,498,176,580,205
356,84,347,183,438,227
356,86,618,174,702,200
356,87,326,155,436,207
356,88,106,179,225,218
357,81,312,186,443,275
357,82,749,164,773,230
357,83,496,177,579,206
357,84,349,182,440,229
357,86,617,174,703,201
357,87,307,155,419,209
357,88,113,179,234,219
358,81,276,188,430,291
358,82,763,164,784,232
358,83,494,177,579,207
358,84,351,183,439,233
358,86,617,175,704,202
358,87,288,156,402,210
358,88,121,179,244,220
359,81,227,190,414,312
359,82,768,162,796,235
359,83,491,178,578,208
359,84,349,185,439,238
359,86,616,175,705,203
359,87,268,157,385,212
359,88,129,179,254,221
360,81,157,193,394,342
360,82,774,164,808,240
360,83,489,178,578,209
360,84,349,186,438,244
360,86,615,176,706,204
360,87,247,158,367,214
360,88,137,179,265,222
361,81,56,198,371,374
361,82,788,165,825,245
361,83,488,179,578,210
361,84,346,189,437,251
361,86,617,177,709,206
361,87,229,158,351,214
361,88,150,179,280,222
362,81,0,202,335,374
362,82,803,165,841,249
362,83,487,179,579,212
362,84,343,189,434,258
362,86,618,177,713,207
362,87,210,158,334,215
362,88,164,179,296,223
363,81,0,209,282,374
363,82,819,162,858,251
363,83,485,178,579,211
363,84,338,188,426,263
363,86,619,176,715,206
363,87,192,158,318,216
363,88,179,178,313,224
364,81,0,218,199,374
364,82,835,162,874,257
364,83,483,177,579,211
364,84,321,188,419,269
364,86,620,175,718,205
364,87,172,158,300,216
364,88,194,178,330,224
365,82,853,160,897,261
365,83,482,176,580,210
365,84,300,186,410,277
365,86,621,173,721,204
365,87,152,158,283,217
365,88,210,177,348,225
366,82,870,159,916,266
366,83,479,176,579,211
366,84,271,191,403,295
366,86,622,173,723,205
366,87,132,158,265,218
366,88,229,177,368,226
367,-1,376,174,416,210
367,82,892,158,945,273
367,83,476,176,578,211
367,84,231,189,396,308
367,86,622,173,725,205
367,87,111,159,246,219
367,88,248,176,389,226
368,-1,376,174,416,210
368,82,915,157,972,281
368,83,473,175,577,212
368,84,171,192,385,332
368,86,622,173,727,206
368,87,90,159,227,220
368,88,267,176,410,227
369,-1,376,174,416,210
369,82,944,155,1007,288
369,83,470,175,576,213
369,84,86,194,372,365
369,86,623,173,729,206
369,87,68,160,207,221
369,88,288,175,433,227
370,-1,376,174,416,210
370,82,976,154,1040,299
370,83,467,175,575,213
370,84,0,197,342,374
370,86,623,173,732,207
370,87,46,160,188,223
370,88,310,174,456,228
371,-1,376,174,416,210
371,82,1010,153,1087,309
371,83,463,175,574,214
371,84,0,202,313,374
371,86,623,173,733,208
371,87,23,160,167,223
371,88,333,174,481,228
372,-1,376,174,416,210
372,82,1045,153,1128,323
372,83,458,176,571,216
372,84,0,208,273,374
372,86,622,173,735,209
372,87,0,160,146,223
372,88,358,173,506,229
373,-1,376,174,416,210
373,82,1089,152,1183,338
373,83,451,176,567,217
373,84,0,217,212,374
373,86,621,173,735,210
373,87,0,160,124,223
373,88,383,173,533,230
374,-1,376,174,416,210
374,82,1123,152,1217,358
374,83,445,176,563,219
374,84,0,232,113,374
374,86,619,174,736,210
374,87,0,159,102,223
374,88,410,172,561,231
375,-1,376,174,416,210
375,82,1161,152,1241,374
375,83,436,177,558,220
375,86,618,174,736,211
375,87,0,159,80,224
375,88,438,172,590,231
376,-1,376,174,416,210
376,82,1206,154,1241,374
376,83,427,177,552,222
376,86,612,174,731,212
376,88,465,171,618,232
377,-1,369,182,398,218
377,83,416,178,543,224
377,86,606,175,727,213
377,88,493,171,650,233
378,-1,369,182,398,218
378,83,404,179,534,227
378,86,599,175,722,215
378,88,523,170,682,233
379,-1,360,188,388,216
379,83,392,180,525,229
379,86,593,176,718,216
379,88,553,170,715,234
380,-1,347,181,384,218
380,83,379,181,515,232
380,86,586,176,713,217
380,88,585,169,750,235
381,-1,343,184,378,221
381,83,367,181,505,233
381,86,581,174,707,215
381,88,619,168,788,234
382,-1,343,184,378,221
382,83,354,180,494,234
382,86,573,173,703,215
382,88,652,167,826,234
383,83,341,180,483,236
383,86,566,173,697,216
383,88,686,165,866,233
384,83,327,180,472,237
384,86,558,173,692,216
384,88,721,164,906,233
385,83,313,180,459,239
385,86,550,173,686,217
385,88,757,162,948,232
386,83,300,180,449,241
386,86,543,174,680,219
386,88,796,161,992,232
387,83,286,180,439,243
387,86,535,174,673,220
387,88,836,160,1037,231
388,83,271,180,428,245
388,86,527,175,667,221
388,88,877,160,1082,231
389,83,257,182,417,251
389,86,518,175,660,222
389,88,918,159,1128,230
390,83,242,185,406,256
390,86,510,176,653,223
390,88,960,158,1175,230
391,83,227,186,396,261
391,86,500,176,645,225
391,88,1003,157,1223,229
392,83,210,187,385,265
392,86,490,176,637,226
392,88,1046,156,1241,228
393,83,192,188,373,270
393,86,480,177,629,227
393,88,1089,155,1241,227
394,83,172,189,361,276
394,86,469,177,620,229
394,88,1133,154,1241,226
395,83,149,190,347,282
395,86,458,178,611,230
395,88,1177,154,1241,225
396,83,128,191,337,289
396,86,447,178,602,232
396,88,1223,154,1241,221
397,83,105,192,325,296
397,86,434,179,592,234
398,-1,297,184,342,220
398,83,79,193,313,304
398,86,421,180,582,237
399,-1,297,184,342,220
399,83,49,194,299,313
399,86,408,181,571,239
400,-1,297,184,342,220
400,83,15,195,284,323
400,86,394,181,560,241
401,-1,297,184,342,220
401,83,0,196,271,334
401,86,381,182,550,243
402,-1,297,184,342,220
402,83,0,197,255,347
402,86,367,182,539,245
403,-1,297,184,342,220
403,83,0,198,238,362
403,86,352,182,528,248
404,-1,297,184,342,220
404,83,0,199,219,374
404,86,337,182,517,250
405,-1,297,184,342,220
405,83,0,201,197,374
405,86,320,183,504,253
406,-1,297,184,342,220
406,83,0,203,174,374
406,86,307,184,494,256
407,83,0,207,146,374
407,86,292,185,484,260
408,83,0,209,112,374
408,86,277,186,472,264
409,-1,1,212,89,375
409,83,0,212,72,374
409,86,260,187,460,269
410,86,242,188,447,273
411,86,222,188,436,279
412,86,200,189,424,285
413,86,176,190,410,291
414,86,148,191,395,298
415,86,117,191,379,307
416,86,85,192,367,317
417,86,47,193,354,329
418,86,3,194,340,344
419,-1,299,190,337,224
419,86,0,196,323,360
420,-1,299,190,337,224
420,86,0,197,305,374
421,-1,299,190,337,224
421,86,0,199,285,374
422,-1,299,190,337,224
422,86,0,201,263,374
423,-1,299,190,337,224
423,86,0,203,236,374
424,-1,299,190,337,224
424,86,0,206,204,374
425,-1,299,190,337,224
425,86,0,209,165,374
426,-1,299,190,337,224
427,-1,299,190,337,224
428,-1,299,190,337,224
429,-1,299,190,337,224
430,-1,299,190,337,224
431,-1,299,190,337,224
432,-1,299,190,337,224
433,-1,299,190,337,224
434,-1,299,190,337,224
435,-1,299,190,337,224
436,-1,299,190,337,224
437,-1,299,190,337,224
438,-1,299,190,337,224
439,-1,299,190,337,224
440,-1,299,190,337,224
441,-1,299,190,337,224
442,-1,299,190,337,224
443,-1,299,190,337,224
444,-1,299,190,337,224
445,-1,299,190,337,224
446,-1,299,190,337,224
